id,user_id,product_id,interaction_type,search_query,duration_seconds,created_at
1,24,36,view,NULL,65,"2025-06-27 07:54:44"
2,24,52,view,NULL,75,"2025-06-27 07:50:44"
3,151,39,view,NULL,90,"2025-06-11 05:31:44"
4,125,39,view,NULL,109,"2025-10-22 00:39:44"
5,148,21,view,NULL,82,"2025-10-08 20:02:44"
6,148,59,view,NULL,45,"2025-10-08 20:21:44"
7,19,43,view,NULL,14,"2025-10-10 01:13:44"
8,51,39,view,NULL,46,"2025-08-10 23:00:44"
9,51,54,view,NULL,109,"2025-08-10 23:01:44"
10,146,46,view,NULL,19,"2025-09-10 20:50:44"
11,70,8,view,NULL,120,"2025-09-27 18:49:44"
12,140,13,view,NULL,51,"2025-09-28 06:14:44"
13,106,7,view,NULL,37,"2025-11-02 19:04:44"
14,125,35,view,NULL,92,"2025-09-17 22:00:44"
15,32,22,view,NULL,14,"2025-11-21 23:25:44"
16,32,62,view,NULL,74,"2025-11-21 23:16:44"
17,23,34,view,NULL,75,"2025-08-08 08:02:44"
18,23,61,view,NULL,66,"2025-08-08 08:29:44"
19,139,16,view,NULL,75,"2025-08-06 05:34:44"
20,139,55,view,NULL,67,"2025-08-06 05:40:44"
21,139,46,view,NULL,48,"2025-08-06 05:53:44"
22,59,25,view,NULL,75,"2025-10-19 22:06:44"
23,59,47,view,NULL,48,"2025-10-19 22:08:44"
24,46,32,view,NULL,103,"2025-08-27 08:54:44"
25,46,60,view,NULL,102,"2025-08-27 08:48:44"
26,24,41,view,NULL,74,"2025-06-11 20:07:44"
27,51,29,view,NULL,65,"2025-10-26 21:25:44"
28,167,46,view,NULL,26,"2025-08-20 03:36:44"
29,167,59,view,NULL,91,"2025-08-20 03:25:44"
30,63,18,view,NULL,65,"2025-11-03 21:19:44"
31,63,56,view,NULL,88,"2025-11-03 21:14:44"
32,54,22,view,NULL,48,"2025-11-27 20:04:44"
33,10,12,view,NULL,16,"2025-06-11 08:33:44"
34,145,41,view,NULL,106,"2025-08-15 19:12:44"
35,39,21,view,NULL,61,"2025-10-01 03:25:44"
36,88,28,view,NULL,92,"2025-09-23 18:54:44"
37,131,33,view,NULL,93,"2025-07-01 21:11:44"
38,160,8,view,NULL,100,"2025-06-23 18:33:44"
39,40,38,view,NULL,11,"2025-09-10 08:11:44"
40,66,41,view,NULL,14,"2025-07-16 21:56:44"
41,100,16,view,NULL,63,"2025-09-17 02:27:44"
42,45,5,view,NULL,29,"2025-10-19 06:41:44"
43,37,25,view,NULL,113,"2025-08-06 00:22:44"
44,103,10,view,NULL,42,"2025-09-15 01:27:44"
45,103,61,view,NULL,53,"2025-09-15 01:34:44"
46,89,10,view,NULL,39,"2025-09-19 04:59:44"
47,89,63,view,NULL,107,"2025-09-19 05:01:44"
48,20,33,view,NULL,74,"2025-06-11 07:50:44"
49,20,62,view,NULL,31,"2025-06-11 07:51:44"
50,26,46,view,NULL,108,"2025-10-29 21:01:44"
51,26,63,view,NULL,25,"2025-10-29 20:53:44"
52,64,4,view,NULL,96,"2025-11-28 06:42:44"
53,129,43,view,NULL,110,"2025-08-02 08:34:44"
54,59,45,view,NULL,65,"2025-09-06 02:11:44"
55,59,62,view,NULL,116,"2025-09-06 02:22:44"
56,84,18,view,NULL,45,"2025-06-24 00:17:44"
57,171,2,view,NULL,46,"2025-10-02 05:54:44"
58,146,32,view,NULL,103,"2025-07-12 03:23:44"
59,37,27,view,NULL,59,"2025-12-02 05:04:44"
60,87,16,view,NULL,36,"2025-08-06 01:29:44"
61,80,32,view,NULL,49,"2025-11-18 21:36:44"
62,106,2,view,NULL,108,"2025-07-31 00:18:44"
63,41,35,view,NULL,35,"2025-07-23 18:51:44"
64,41,49,view,NULL,71,"2025-07-23 19:10:44"
65,62,45,view,NULL,20,"2025-06-07 03:19:44"
66,62,59,view,NULL,40,"2025-06-07 03:19:44"
67,91,31,view,NULL,84,"2025-09-08 00:56:44"
68,91,59,view,NULL,45,"2025-09-08 00:44:44"
69,126,46,view,NULL,10,"2025-09-26 19:50:44"
70,21,41,view,NULL,16,"2025-10-08 22:52:44"
71,161,46,view,NULL,120,"2025-11-14 21:14:44"
72,130,17,view,NULL,11,"2025-10-16 21:13:44"
73,130,56,view,NULL,116,"2025-10-16 21:22:44"
74,96,10,view,NULL,112,"2025-08-21 22:54:44"
75,96,55,view,NULL,72,"2025-08-21 23:03:44"
76,101,23,view,NULL,32,"2025-07-13 23:08:44"
77,101,47,view,NULL,32,"2025-07-13 23:13:44"
78,101,17,view,NULL,116,"2025-07-13 23:06:44"
79,35,45,view,NULL,45,"2025-06-15 07:33:44"
80,35,63,view,NULL,91,"2025-06-15 07:39:44"
81,162,42,view,NULL,16,"2025-09-02 21:20:44"
82,162,55,view,NULL,57,"2025-09-02 21:30:44"
83,162,65,view,NULL,113,"2025-09-02 21:16:44"
84,127,32,view,NULL,57,"2025-08-20 21:24:44"
85,112,30,view,NULL,29,"2025-08-09 18:56:44"
86,129,16,view,NULL,72,"2025-11-13 23:29:44"
87,160,24,view,NULL,93,"2025-08-30 05:03:44"
88,160,49,view,NULL,42,"2025-08-30 05:21:44"
89,160,23,view,NULL,31,"2025-08-30 05:10:44"
90,82,44,view,NULL,75,"2025-11-19 08:10:44"
91,63,9,view,NULL,65,"2025-10-17 05:21:44"
92,77,36,view,NULL,67,"2025-06-11 19:54:44"
93,77,21,view,NULL,62,"2025-06-11 19:46:44"
94,152,13,view,NULL,45,"2025-08-07 22:59:44"
95,152,60,view,NULL,119,"2025-08-07 23:02:44"
96,152,11,view,NULL,115,"2025-08-07 22:35:44"
97,47,2,view,NULL,102,"2025-10-26 01:08:44"
98,36,8,view,NULL,97,"2025-09-14 04:12:44"
99,36,45,view,NULL,36,"2025-09-14 04:31:44"
100,131,22,view,NULL,48,"2025-09-13 00:44:44"
101,168,1,view,NULL,58,"2025-10-16 19:22:44"
102,46,11,view,NULL,51,"2025-09-01 05:53:44"
103,108,34,view,NULL,13,"2025-08-22 18:09:44"
104,68,34,view,NULL,23,"2025-11-02 03:23:44"
105,68,53,view,NULL,19,"2025-11-02 03:20:44"
106,39,43,view,NULL,69,"2025-08-05 06:29:44"
107,41,6,view,NULL,35,"2025-08-28 04:23:44"
108,105,37,view,NULL,88,"2025-06-07 04:31:44"
109,29,45,view,NULL,39,"2025-06-06 03:22:44"
110,29,59,view,NULL,104,"2025-06-06 03:39:44"
111,163,43,view,NULL,96,"2025-06-30 22:38:44"
112,48,41,view,NULL,49,"2025-12-03 02:58:44"
113,48,53,view,NULL,26,"2025-12-03 02:59:44"
114,114,11,view,NULL,72,"2025-08-07 06:22:44"
115,20,44,view,NULL,117,"2025-10-30 02:00:44"
116,20,63,view,NULL,23,"2025-10-30 02:09:44"
117,113,1,view,NULL,61,"2025-11-22 21:53:44"
118,70,1,view,NULL,28,"2025-08-06 02:49:44"
119,168,4,view,NULL,118,"2025-11-27 05:44:44"
120,168,61,view,NULL,86,"2025-11-27 05:44:44"
121,115,11,view,NULL,60,"2025-08-06 02:04:44"
122,115,62,view,NULL,90,"2025-08-06 02:12:44"
123,58,40,view,NULL,59,"2025-10-28 18:39:44"
124,126,13,view,NULL,45,"2025-08-04 00:47:44"
125,49,4,view,NULL,114,"2025-07-13 03:03:44"
126,103,7,view,NULL,23,"2025-06-30 00:38:44"
127,103,63,view,NULL,12,"2025-06-30 00:37:44"
128,75,28,view,NULL,27,"2025-07-23 18:00:44"
129,75,49,view,NULL,48,"2025-07-23 18:02:44"
130,169,24,view,NULL,104,"2025-06-26 23:44:44"
131,169,51,view,NULL,93,"2025-06-26 23:52:44"
132,152,41,view,NULL,10,"2025-07-01 02:02:44"
133,16,28,view,NULL,105,"2025-11-11 23:50:44"
134,57,34,view,NULL,64,"2025-10-25 04:48:44"
135,57,52,view,NULL,43,"2025-10-25 04:50:44"
136,150,24,view,NULL,24,"2025-11-11 05:34:44"
137,150,49,view,NULL,20,"2025-11-11 05:43:44"
138,56,33,view,NULL,36,"2025-07-15 04:07:44"
139,56,63,view,NULL,19,"2025-07-15 03:52:44"
140,131,34,view,NULL,105,"2025-06-08 18:13:44"
141,167,7,view,NULL,115,"2025-09-16 02:46:44"
142,167,49,view,NULL,19,"2025-09-16 02:46:44"
143,75,3,view,NULL,27,"2025-08-26 04:34:44"
144,75,10,view,NULL,13,"2025-08-26 04:10:44"
145,24,30,view,NULL,90,"2025-06-25 02:20:44"
146,129,42,view,NULL,92,"2025-09-08 07:24:44"
147,129,57,view,NULL,34,"2025-09-08 07:53:44"
148,47,25,view,NULL,64,"2025-07-26 20:28:44"
149,37,24,view,NULL,93,"2025-11-15 01:24:44"
150,141,20,view,NULL,23,"2025-10-28 08:36:44"
151,41,45,view,NULL,19,"2025-06-11 00:13:44"
152,105,8,view,NULL,106,"2025-07-22 22:48:44"
153,146,42,view,NULL,14,"2025-09-02 08:39:44"
154,151,46,view,NULL,77,"2025-09-27 21:30:44"
155,111,4,view,NULL,80,"2025-06-16 18:57:44"
156,21,30,view,NULL,44,"2025-08-29 20:37:44"
157,135,3,view,NULL,40,"2025-08-06 03:11:44"
158,51,1,view,NULL,64,"2025-07-31 01:51:44"
159,51,59,view,NULL,75,"2025-07-31 01:53:44"
160,120,23,view,NULL,118,"2025-10-25 19:43:44"
161,120,61,view,NULL,102,"2025-10-25 19:30:44"
162,120,41,view,NULL,58,"2025-10-25 19:40:44"
163,108,45,view,NULL,116,"2025-08-23 04:39:44"
164,121,28,view,NULL,73,"2025-06-12 04:26:44"
165,36,27,view,NULL,46,"2025-06-13 20:10:44"
166,136,35,view,NULL,83,"2025-06-19 07:19:44"
167,136,59,view,NULL,39,"2025-06-19 07:06:44"
168,51,6,view,NULL,71,"2025-11-16 05:44:44"
169,60,38,view,NULL,81,"2025-11-30 04:25:44"
170,135,23,view,NULL,89,"2025-09-24 22:12:44"
171,135,58,view,NULL,117,"2025-09-24 22:11:44"
172,20,30,view,NULL,116,"2025-08-17 20:11:44"
173,42,3,view,NULL,33,"2025-11-01 18:03:44"
174,156,46,view,NULL,38,"2025-07-13 20:20:44"
175,156,60,view,NULL,14,"2025-07-13 20:19:44"
176,27,24,view,NULL,54,"2025-11-21 06:48:44"
177,58,16,view,NULL,14,"2025-10-22 05:08:44"
178,58,55,view,NULL,49,"2025-10-22 04:58:44"
179,87,25,view,NULL,42,"2025-07-10 22:40:44"
180,100,11,view,NULL,65,"2025-08-23 20:30:44"
181,100,55,view,NULL,50,"2025-08-23 20:55:44"
182,54,13,view,NULL,59,"2025-08-26 00:26:44"
183,74,46,view,NULL,115,"2025-10-22 21:52:44"
184,93,1,view,NULL,38,"2025-07-29 01:36:44"
185,93,61,view,NULL,58,"2025-07-29 01:35:44"
186,92,23,view,NULL,103,"2025-09-17 19:51:44"
187,92,48,view,NULL,110,"2025-09-17 19:43:44"
188,148,44,view,NULL,106,"2025-11-22 08:36:44"
189,148,54,view,NULL,69,"2025-11-22 08:51:44"
190,136,32,view,NULL,98,"2025-11-01 02:28:44"
191,8,11,view,NULL,12,"2025-11-07 23:01:44"
192,8,41,view,NULL,46,"2025-11-07 23:04:44"
193,47,39,view,NULL,87,"2025-09-23 20:24:44"
194,80,36,view,NULL,32,"2025-09-05 17:51:44"
195,80,61,view,NULL,94,"2025-09-05 18:08:44"
196,36,35,view,NULL,15,"2025-08-29 05:08:44"
197,108,37,view,NULL,95,"2025-11-01 20:55:44"
198,108,51,view,NULL,32,"2025-11-01 21:12:44"
199,114,35,view,NULL,103,"2025-08-14 17:50:44"
200,24,6,view,NULL,58,"2025-11-25 23:48:44"
201,24,47,view,NULL,74,"2025-11-25 23:48:44"
202,83,23,view,NULL,16,"2025-09-23 07:18:44"
203,83,59,view,NULL,90,"2025-09-23 07:12:44"
204,83,64,view,NULL,32,"2025-09-23 07:23:44"
205,57,45,view,NULL,42,"2025-06-25 04:36:44"
206,32,14,view,NULL,72,"2025-10-05 04:38:44"
207,32,63,view,NULL,22,"2025-10-05 04:46:44"
208,69,28,view,NULL,38,"2025-07-08 23:10:44"
209,97,6,view,NULL,88,"2025-09-08 18:05:44"
210,129,23,view,NULL,75,"2025-10-03 03:45:44"
211,163,1,view,NULL,71,"2025-08-30 04:52:44"
212,153,42,view,NULL,49,"2025-10-28 01:25:44"
213,153,63,view,NULL,38,"2025-10-28 01:31:44"
214,154,17,view,NULL,90,"2025-07-20 04:10:44"
215,57,4,view,NULL,75,"2025-08-17 00:30:44"
216,57,57,view,NULL,51,"2025-08-17 00:27:44"
217,140,45,view,NULL,115,"2025-08-07 22:46:44"
218,36,26,view,NULL,101,"2025-11-01 07:13:44"
219,115,39,view,NULL,42,"2025-08-03 08:10:44"
220,109,9,view,NULL,98,"2025-07-27 22:26:44"
221,109,60,view,NULL,57,"2025-07-27 22:18:44"
222,108,38,view,NULL,98,"2025-08-31 21:41:44"
223,108,61,view,NULL,44,"2025-08-31 21:23:44"
224,131,29,view,NULL,71,"2025-09-23 04:01:44"
225,32,1,view,NULL,112,"2025-09-25 19:03:44"
226,32,51,view,NULL,105,"2025-09-25 19:07:44"
227,105,7,view,NULL,69,"2025-09-06 03:23:44"
228,153,19,view,NULL,28,"2025-11-01 07:27:44"
229,41,13,view,NULL,92,"2025-09-24 05:27:44"
230,41,63,view,NULL,11,"2025-09-24 05:24:44"
231,159,7,view,NULL,46,"2025-11-25 05:11:44"
232,159,36,view,NULL,42,"2025-11-25 05:13:44"
233,109,8,view,NULL,116,"2025-10-06 19:25:44"
234,109,49,view,NULL,98,"2025-10-06 19:23:44"
235,103,46,view,NULL,10,"2025-09-25 20:56:44"
236,32,12,view,NULL,35,"2025-10-13 05:37:44"
237,32,63,view,NULL,43,"2025-10-13 05:36:44"
238,153,11,view,NULL,96,"2025-11-18 06:31:44"
239,51,11,view,NULL,88,"2025-07-18 19:52:44"
240,51,62,view,NULL,107,"2025-07-18 19:54:44"
241,39,16,view,NULL,75,"2025-10-08 02:17:44"
242,131,17,view,NULL,50,"2025-09-07 01:28:44"
243,44,33,view,NULL,94,"2025-09-02 02:28:44"
244,126,1,view,NULL,104,"2025-08-04 19:14:44"
245,136,11,view,NULL,119,"2025-08-26 06:40:44"
246,82,6,view,NULL,55,"2025-09-22 01:49:44"
247,82,57,view,NULL,98,"2025-09-22 01:43:44"
248,69,4,view,NULL,17,"2025-10-07 05:44:44"
249,69,62,view,NULL,58,"2025-10-07 05:47:44"
250,130,1,view,NULL,24,"2025-10-26 20:39:44"
251,130,54,view,NULL,46,"2025-10-26 20:36:44"
252,130,37,view,NULL,38,"2025-10-26 20:33:44"
253,139,40,view,NULL,35,"2025-07-10 03:35:44"
254,139,62,view,NULL,112,"2025-07-10 03:23:44"
255,139,16,view,NULL,92,"2025-10-05 04:19:44"
256,30,6,view,NULL,53,"2025-07-26 18:29:44"
257,37,41,view,NULL,48,"2025-07-05 02:53:44"
258,47,8,view,NULL,94,"2025-10-27 03:59:44"
259,47,53,view,NULL,27,"2025-10-27 03:59:44"
260,110,14,view,NULL,83,"2025-09-16 18:05:44"
261,110,63,view,NULL,115,"2025-09-16 18:13:44"
262,74,20,view,NULL,69,"2025-09-04 00:25:44"
263,114,13,view,NULL,95,"2025-10-02 02:45:44"
264,145,14,view,NULL,54,"2025-07-29 04:46:44"
265,80,33,view,NULL,99,"2025-09-11 19:27:44"
266,80,58,view,NULL,58,"2025-09-11 19:24:44"
267,149,42,view,NULL,73,"2025-11-16 18:36:44"
268,51,22,view,NULL,69,"2025-10-24 06:24:44"
269,51,60,view,NULL,42,"2025-10-24 06:26:44"
270,37,23,view,NULL,73,"2025-10-23 00:57:44"
271,82,42,view,NULL,55,"2025-11-26 17:46:44"
272,82,58,view,NULL,95,"2025-11-26 17:49:44"
273,107,13,view,NULL,41,"2025-06-24 08:14:44"
274,107,61,view,NULL,77,"2025-06-24 08:17:44"
275,153,36,view,NULL,114,"2025-08-15 08:44:44"
276,91,38,view,NULL,91,"2025-11-06 20:42:44"
277,91,49,view,NULL,111,"2025-11-06 20:46:44"
278,82,5,view,NULL,104,"2025-10-01 07:10:44"
279,65,4,view,NULL,104,"2025-10-25 01:23:44"
280,126,1,view,NULL,53,"2025-07-15 00:07:44"
281,120,21,view,NULL,41,"2025-11-11 01:11:44"
282,120,49,view,NULL,42,"2025-11-11 01:14:44"
283,120,14,view,NULL,20,"2025-11-11 01:20:44"
284,104,25,view,NULL,29,"2025-07-22 20:32:44"
285,104,56,view,NULL,88,"2025-07-22 20:33:44"
286,104,4,view,NULL,87,"2025-07-22 20:34:44"
287,33,10,view,NULL,34,"2025-08-29 06:49:44"
288,33,58,view,NULL,98,"2025-08-29 06:51:44"
289,10,40,view,NULL,46,"2025-07-30 22:02:44"
290,106,5,view,NULL,43,"2025-09-20 03:08:44"
291,106,27,view,NULL,46,"2025-09-20 03:03:44"
292,17,20,view,NULL,39,"2025-06-13 22:33:44"
293,27,24,view,NULL,91,"2025-06-30 19:42:44"
294,100,5,view,NULL,45,"2025-09-16 22:32:44"
295,84,22,view,NULL,104,"2025-07-15 19:25:44"
296,84,59,view,NULL,52,"2025-07-15 19:24:44"
297,91,4,view,NULL,36,"2025-08-04 06:38:44"
298,107,24,view,NULL,58,"2025-09-28 07:01:44"
299,107,61,view,NULL,60,"2025-09-28 06:51:44"
300,107,6,view,NULL,102,"2025-09-28 06:56:44"
301,69,26,view,NULL,108,"2025-11-01 01:23:44"
302,69,59,view,NULL,109,"2025-11-01 01:10:44"
303,84,14,view,NULL,112,"2025-08-10 00:09:44"
304,91,46,view,NULL,104,"2025-07-30 05:13:44"
305,91,61,view,NULL,40,"2025-07-30 04:57:44"
306,131,21,view,NULL,81,"2025-06-08 04:00:44"
307,133,43,view,NULL,40,"2025-07-23 18:43:44"
308,133,51,view,NULL,94,"2025-07-23 18:33:44"
309,133,25,view,NULL,104,"2025-07-23 18:49:44"
310,51,3,view,NULL,114,"2025-09-16 19:59:44"
311,44,37,view,NULL,27,"2025-09-15 20:26:44"
312,31,31,view,NULL,29,"2025-07-06 22:37:44"
313,31,63,view,NULL,72,"2025-07-06 22:39:44"
314,115,24,view,NULL,106,"2025-07-02 19:17:44"
315,44,14,view,NULL,97,"2025-07-10 18:13:44"
316,63,34,view,NULL,87,"2025-10-27 20:15:44"
317,54,45,view,NULL,53,"2025-11-29 22:53:44"
318,82,41,view,NULL,86,"2025-08-19 08:43:44"
319,82,62,view,NULL,13,"2025-08-19 08:26:44"
320,149,16,view,NULL,39,"2025-10-28 04:13:44"
321,156,24,view,NULL,116,"2025-08-13 00:47:44"
322,167,1,view,NULL,101,"2025-06-08 01:58:44"
323,28,4,view,NULL,39,"2025-11-20 19:23:44"
324,28,3,view,NULL,100,"2025-11-20 19:23:44"
325,76,15,view,NULL,52,"2025-09-27 01:34:44"
326,76,58,view,NULL,42,"2025-09-27 01:42:44"
327,27,30,view,NULL,76,"2025-08-19 07:41:44"
328,65,31,view,NULL,77,"2025-10-07 21:18:44"
329,37,28,view,NULL,24,"2025-06-24 07:15:44"
330,118,2,view,NULL,89,"2025-06-19 02:59:44"
331,118,61,view,NULL,48,"2025-06-19 02:50:44"
332,43,45,view,NULL,50,"2025-11-11 23:10:44"
333,60,11,view,NULL,92,"2025-09-27 05:06:44"
334,150,37,view,NULL,74,"2025-07-17 04:24:44"
335,150,50,view,NULL,86,"2025-07-17 04:22:44"
336,127,6,view,NULL,71,"2025-09-24 21:34:44"
337,86,35,view,NULL,35,"2025-06-06 19:59:44"
338,149,35,view,NULL,40,"2025-07-27 03:02:44"
339,149,49,view,NULL,108,"2025-07-27 02:49:44"
340,149,1,view,NULL,30,"2025-07-27 03:07:44"
341,50,19,view,NULL,88,"2025-07-09 01:53:44"
342,86,4,view,NULL,34,"2025-10-31 18:28:44"
343,86,56,view,NULL,55,"2025-10-31 18:41:44"
344,86,46,view,NULL,22,"2025-10-31 18:24:44"
345,43,14,view,NULL,31,"2025-11-29 19:32:44"
346,113,25,view,NULL,84,"2025-09-14 06:53:44"
347,54,27,view,NULL,68,"2025-11-01 04:13:44"
348,131,26,view,NULL,40,"2025-10-13 01:49:44"
349,170,16,view,NULL,82,"2025-07-15 21:02:44"
350,99,4,view,NULL,56,"2025-07-16 23:41:44"
351,37,4,view,NULL,10,"2025-09-10 00:53:44"
352,37,60,view,NULL,46,"2025-09-10 00:36:44"
353,138,46,view,NULL,39,"2025-07-29 00:36:44"
354,152,6,view,NULL,54,"2025-10-18 07:25:44"
355,97,40,view,NULL,26,"2025-07-13 04:13:44"
356,97,53,view,NULL,102,"2025-07-13 04:11:44"
357,30,22,view,NULL,51,"2025-10-01 01:48:44"
358,81,15,view,NULL,84,"2025-10-13 06:29:44"
359,121,7,view,NULL,119,"2025-11-08 21:31:44"
360,24,30,view,NULL,101,"2025-06-08 04:32:44"
361,10,21,view,NULL,29,"2025-08-19 06:33:44"
362,86,46,view,NULL,37,"2025-10-13 08:40:44"
363,86,55,view,NULL,39,"2025-10-13 08:39:44"
364,46,11,view,NULL,19,"2025-10-17 18:54:44"
365,27,10,view,NULL,42,"2025-06-17 03:16:44"
366,98,6,view,NULL,84,"2025-11-03 20:45:44"
367,41,46,view,NULL,39,"2025-11-01 20:38:44"
368,13,26,view,NULL,84,"2025-06-17 21:40:44"
369,13,10,view,NULL,112,"2025-06-17 21:29:44"
370,44,30,view,NULL,13,"2025-07-27 01:46:44"
371,44,56,view,NULL,30,"2025-07-27 01:48:44"
372,44,22,view,NULL,14,"2025-07-27 01:40:44"
373,23,29,view,NULL,120,"2025-07-16 05:49:44"
374,23,50,view,NULL,42,"2025-07-16 06:00:44"
375,43,45,view,NULL,101,"2025-11-08 07:37:44"
376,63,3,view,NULL,48,"2025-10-21 19:36:44"
377,63,58,view,NULL,14,"2025-10-21 19:31:44"
378,70,7,view,NULL,57,"2025-09-19 18:02:44"
379,28,8,view,NULL,30,"2025-07-12 18:44:44"
380,111,45,view,NULL,27,"2025-11-19 04:23:44"
381,30,2,view,NULL,62,"2025-06-20 21:39:44"
382,30,62,view,NULL,101,"2025-06-20 21:27:44"
383,115,21,view,NULL,14,"2025-07-10 18:37:44"
384,22,24,view,NULL,16,"2025-11-10 04:15:44"
385,22,54,view,NULL,77,"2025-11-10 04:36:44"
386,132,46,view,NULL,96,"2025-11-30 02:40:44"
387,132,62,view,NULL,96,"2025-11-30 02:42:44"
388,50,14,view,NULL,118,"2025-10-02 18:26:44"
389,20,32,view,NULL,120,"2025-11-08 22:41:44"
390,36,16,view,NULL,32,"2025-09-29 23:28:44"
391,36,60,view,NULL,77,"2025-09-29 23:43:44"
392,28,32,view,NULL,76,"2025-10-13 20:14:44"
393,28,53,view,NULL,23,"2025-10-13 20:33:44"
394,95,16,view,NULL,54,"2025-08-01 07:04:44"
395,25,42,view,NULL,45,"2025-09-24 21:11:44"
396,40,4,view,NULL,90,"2025-11-14 22:39:44"
397,40,62,view,NULL,117,"2025-11-14 22:48:44"
398,132,19,view,NULL,36,"2025-06-14 22:36:44"
399,132,51,view,NULL,118,"2025-06-14 22:48:44"
400,51,29,view,NULL,45,"2025-06-20 07:21:44"
401,37,15,view,NULL,97,"2025-07-20 06:43:44"
402,37,62,view,NULL,95,"2025-07-20 06:57:44"
403,30,7,view,NULL,50,"2025-09-03 04:42:44"
404,74,19,view,NULL,13,"2025-07-03 23:58:44"
405,150,6,view,NULL,33,"2025-11-03 20:10:44"
406,24,7,view,NULL,80,"2025-10-28 18:53:44"
407,43,36,view,NULL,55,"2025-09-20 18:45:44"
408,36,6,view,NULL,103,"2025-07-30 03:58:44"
409,105,39,view,NULL,107,"2025-11-09 00:59:44"
410,105,60,view,NULL,69,"2025-11-09 00:57:44"
411,80,5,view,NULL,47,"2025-10-28 05:02:44"
412,10,28,view,NULL,49,"2025-07-22 05:53:44"
413,10,56,view,NULL,65,"2025-07-22 06:01:44"
414,125,1,view,NULL,105,"2025-11-15 02:37:44"
415,125,61,view,NULL,88,"2025-11-15 02:39:44"
416,159,12,view,NULL,39,"2025-10-19 19:00:44"
417,82,39,view,NULL,67,"2025-06-06 04:52:44"
418,10,7,view,NULL,13,"2025-10-08 19:57:44"
419,10,62,view,NULL,21,"2025-10-08 19:45:44"
420,150,26,view,NULL,42,"2025-08-28 08:12:44"
421,102,16,view,NULL,81,"2025-11-25 23:12:44"
422,139,1,view,NULL,45,"2025-08-26 03:01:44"
423,139,50,view,NULL,37,"2025-08-26 03:04:44"
424,71,23,view,NULL,40,"2025-09-22 22:56:44"
425,85,36,view,NULL,51,"2025-09-22 03:33:44"
426,146,11,view,NULL,105,"2025-07-27 20:28:44"
427,146,61,view,NULL,106,"2025-07-27 20:09:44"
428,147,38,view,NULL,97,"2025-10-06 19:58:44"
429,147,61,view,NULL,10,"2025-10-06 19:45:44"
430,96,37,view,NULL,46,"2025-09-03 20:48:44"
431,149,39,view,NULL,78,"2025-10-02 01:33:44"
432,136,30,view,NULL,59,"2025-07-12 18:33:44"
433,69,4,view,NULL,102,"2025-08-06 01:13:44"
434,153,30,view,NULL,17,"2025-07-18 08:42:44"
435,81,1,view,NULL,109,"2025-07-23 06:54:44"
436,81,59,view,NULL,75,"2025-07-23 07:14:44"
437,51,4,view,NULL,26,"2025-08-22 17:51:44"
438,116,38,view,NULL,32,"2025-08-06 03:41:44"
439,42,46,view,NULL,25,"2025-09-10 22:08:44"
440,82,15,view,NULL,60,"2025-09-09 18:48:44"
441,82,58,view,NULL,58,"2025-09-09 18:38:44"
442,56,19,view,NULL,80,"2025-06-16 21:02:44"
443,57,46,view,NULL,88,"2025-11-18 02:14:44"
444,57,57,view,NULL,31,"2025-11-18 02:28:44"
445,57,19,view,NULL,31,"2025-11-18 02:22:44"
446,103,29,view,NULL,13,"2025-10-21 02:06:44"
447,103,57,view,NULL,112,"2025-10-21 01:49:44"
448,144,16,view,NULL,104,"2025-06-24 18:27:44"
449,144,57,view,NULL,117,"2025-06-24 18:15:44"
450,144,24,view,NULL,86,"2025-06-24 18:01:44"
451,30,16,view,NULL,85,"2025-10-18 06:34:44"
452,30,55,view,NULL,57,"2025-10-18 06:23:44"
453,10,23,view,NULL,109,"2025-07-21 20:00:44"
454,78,23,view,NULL,83,"2025-09-07 07:42:44"
455,78,52,view,NULL,61,"2025-09-07 07:37:44"
456,155,45,view,NULL,111,"2025-08-22 19:36:44"
457,155,62,view,NULL,68,"2025-08-22 19:40:44"
458,42,46,view,NULL,100,"2025-10-28 07:18:44"
459,17,30,view,NULL,54,"2025-08-29 19:51:44"
460,86,34,view,NULL,14,"2025-10-10 05:51:44"
461,86,53,view,NULL,36,"2025-10-10 05:58:44"
462,17,5,view,NULL,52,"2025-10-30 21:08:44"
463,37,35,view,NULL,45,"2025-07-19 20:57:44"
464,37,62,view,NULL,57,"2025-07-19 21:04:44"
465,152,6,view,NULL,41,"2025-11-08 04:12:44"
466,140,29,view,NULL,23,"2025-07-12 00:27:44"
467,105,16,view,NULL,28,"2025-11-21 02:21:44"
468,115,22,view,NULL,86,"2025-08-24 05:33:44"
469,115,53,view,NULL,118,"2025-08-24 05:31:44"
470,80,46,view,NULL,24,"2025-07-29 23:07:44"
471,32,16,view,NULL,66,"2025-10-02 18:42:44"
472,84,30,view,NULL,109,"2025-08-06 04:16:44"
473,145,16,view,NULL,118,"2025-08-20 20:12:44"
474,155,29,view,NULL,36,"2025-06-15 06:48:44"
475,80,13,view,NULL,112,"2025-06-13 23:46:44"
476,150,37,view,NULL,38,"2025-06-24 19:38:44"
477,150,58,view,NULL,55,"2025-06-24 19:24:44"
478,71,1,view,NULL,50,"2025-09-16 05:29:44"
479,149,45,view,NULL,108,"2025-10-01 20:36:44"
480,46,16,view,NULL,118,"2025-08-22 05:42:44"
481,33,33,view,NULL,86,"2025-11-04 04:45:44"
482,151,15,view,NULL,85,"2025-09-07 07:17:44"
483,151,48,view,NULL,11,"2025-09-07 07:32:44"
484,85,1,view,NULL,12,"2025-10-09 23:24:44"
485,164,22,view,NULL,99,"2025-06-17 19:13:44"
486,164,4,view,NULL,53,"2025-06-17 19:23:44"
487,77,20,view,NULL,60,"2025-11-01 18:18:44"
488,77,33,view,NULL,38,"2025-11-01 18:20:44"
489,165,33,view,NULL,109,"2025-09-06 20:19:44"
490,94,29,view,NULL,29,"2025-10-09 19:34:44"
491,86,28,view,NULL,78,"2025-08-24 02:20:44"
492,86,60,view,NULL,37,"2025-08-24 02:32:44"
493,91,36,view,NULL,114,"2025-10-05 07:58:44"
494,91,63,view,NULL,102,"2025-10-05 07:55:44"
495,10,46,view,NULL,106,"2025-11-22 05:50:44"
496,20,38,view,NULL,75,"2025-06-13 06:42:44"
497,48,38,view,NULL,112,"2025-06-25 02:21:44"
498,48,59,view,NULL,19,"2025-06-25 02:10:44"
499,90,45,view,NULL,34,"2025-08-25 21:30:44"
500,23,34,view,NULL,106,"2025-07-14 19:18:44"
501,46,44,view,NULL,74,"2025-11-21 01:25:44"
502,135,19,view,NULL,64,"2025-09-27 20:09:44"
503,83,28,view,NULL,39,"2025-06-18 00:26:44"
504,83,50,view,NULL,120,"2025-06-18 00:27:44"
505,170,17,view,NULL,114,"2025-10-02 05:15:44"
506,37,23,view,NULL,37,"2025-07-04 02:00:44"
507,37,6,view,NULL,99,"2025-07-04 01:36:44"
508,129,44,view,NULL,68,"2025-06-22 04:51:44"
509,129,49,view,NULL,98,"2025-06-22 04:49:44"
510,164,26,view,NULL,95,"2025-11-26 19:24:44"
511,164,52,view,NULL,116,"2025-11-26 19:14:44"
512,30,29,view,NULL,93,"2025-09-01 01:18:44"
513,30,20,view,NULL,10,"2025-09-01 01:20:44"
514,37,1,view,NULL,66,"2025-07-17 19:35:44"
515,116,23,view,NULL,97,"2025-11-05 00:55:44"
516,68,39,view,NULL,110,"2025-07-03 21:07:44"
517,44,18,view,NULL,34,"2025-10-27 01:17:44"
518,150,6,view,NULL,75,"2025-07-16 04:24:44"
519,150,50,view,NULL,32,"2025-07-16 04:21:44"
520,115,11,view,NULL,67,"2025-06-21 00:33:44"
521,115,51,view,NULL,92,"2025-06-21 00:25:44"
522,51,7,view,NULL,86,"2025-11-24 02:17:44"
523,51,61,view,NULL,18,"2025-11-24 02:13:44"
524,51,69,view,NULL,14,"2025-11-24 02:00:44"
525,151,43,view,NULL,53,"2025-07-01 23:21:44"
526,37,45,view,NULL,39,"2025-07-01 03:46:44"
527,37,54,view,NULL,55,"2025-07-01 03:41:44"
528,152,1,view,NULL,85,"2025-10-03 20:14:44"
529,152,53,view,NULL,104,"2025-10-03 19:57:44"
530,11,4,view,NULL,11,"2025-11-12 18:46:44"
531,11,58,view,NULL,94,"2025-11-12 19:07:44"
532,30,19,view,NULL,14,"2025-09-19 18:11:44"
533,124,45,view,NULL,116,"2025-10-28 18:38:44"
534,150,9,view,NULL,16,"2025-09-04 08:50:44"
535,150,56,view,NULL,44,"2025-09-04 08:35:44"
536,116,38,view,NULL,12,"2025-06-12 02:34:44"
537,116,48,view,NULL,101,"2025-06-12 02:55:44"
538,100,8,view,NULL,27,"2025-11-15 06:42:44"
539,17,23,view,NULL,53,"2025-09-22 05:57:44"
540,17,48,view,NULL,44,"2025-09-22 05:56:44"
541,17,16,view,NULL,31,"2025-09-22 06:01:44"
542,145,12,view,NULL,75,"2025-07-04 22:54:44"
543,80,24,view,NULL,29,"2025-07-23 23:46:44"
544,80,59,view,NULL,62,"2025-07-23 23:45:44"
545,80,18,view,NULL,110,"2025-07-23 23:59:44"
546,130,24,view,NULL,76,"2025-08-20 22:18:44"
547,130,63,view,NULL,101,"2025-08-20 22:20:44"
548,172,10,view,NULL,13,"2025-06-17 23:41:44"
549,172,50,view,NULL,57,"2025-06-17 23:36:44"
550,31,45,view,NULL,104,"2025-06-19 01:37:44"
551,31,63,view,NULL,116,"2025-06-19 01:34:44"
552,40,46,view,NULL,110,"2025-09-07 23:39:44"
553,117,12,view,NULL,58,"2025-06-21 20:53:44"
554,117,41,view,NULL,35,"2025-08-25 18:17:44"
555,75,35,view,NULL,110,"2025-11-27 19:10:44"
556,75,61,view,NULL,80,"2025-11-27 19:13:44"
557,35,8,view,NULL,112,"2025-10-02 17:56:44"
558,35,62,view,NULL,103,"2025-10-02 17:59:44"
559,82,24,view,NULL,91,"2025-10-29 08:32:44"
560,60,23,view,NULL,31,"2025-06-18 22:02:44"
561,29,9,view,NULL,59,"2025-11-27 21:52:44"
562,29,61,view,NULL,27,"2025-11-27 21:51:44"
563,92,25,view,NULL,117,"2025-09-30 18:07:44"
564,92,54,view,NULL,50,"2025-09-30 18:02:44"
565,98,45,view,NULL,90,"2025-09-03 19:32:44"
566,152,30,view,NULL,32,"2025-09-26 03:16:44"
567,152,48,view,NULL,112,"2025-09-26 03:04:44"
568,150,29,view,NULL,67,"2025-06-09 07:03:44"
569,164,46,view,NULL,39,"2025-07-03 23:49:44"
570,43,23,view,NULL,63,"2025-09-23 08:15:44"
571,43,58,view,NULL,118,"2025-09-23 08:09:44"
572,103,1,view,NULL,96,"2025-08-11 02:18:44"
573,108,44,view,NULL,28,"2025-08-15 22:57:44"
574,37,19,view,NULL,115,"2025-10-08 02:46:44"
575,100,23,view,NULL,97,"2025-11-21 07:29:44"
576,100,50,view,NULL,102,"2025-11-21 07:24:44"
577,140,4,view,NULL,88,"2025-07-13 02:49:44"
578,103,16,view,NULL,114,"2025-07-15 17:42:44"
579,68,38,view,NULL,14,"2025-09-20 06:28:44"
580,68,53,view,NULL,80,"2025-09-20 06:24:44"
581,32,35,view,NULL,74,"2025-09-27 00:35:44"
582,95,11,view,NULL,26,"2025-09-09 18:21:44"
583,37,20,view,NULL,31,"2025-08-12 19:08:44"
584,69,24,view,NULL,88,"2025-07-12 18:07:44"
585,70,30,view,NULL,68,"2025-08-24 02:04:44"
586,70,49,view,NULL,116,"2025-08-24 02:22:44"
587,152,28,view,NULL,28,"2025-09-18 23:22:44"
588,30,15,view,NULL,114,"2025-07-14 06:21:44"
589,30,61,view,NULL,110,"2025-07-14 06:19:44"
590,100,15,view,NULL,46,"2025-09-29 18:16:44"
591,91,31,view,NULL,110,"2025-11-30 23:57:44"
592,35,46,view,NULL,58,"2025-06-07 01:13:44"
593,146,44,view,NULL,93,"2025-06-28 02:19:44"
594,146,60,view,NULL,114,"2025-06-28 02:04:44"
595,136,1,view,NULL,78,"2025-10-13 18:45:44"
596,136,62,view,NULL,120,"2025-10-13 19:12:44"
597,109,24,view,NULL,116,"2025-11-16 04:30:44"
598,109,53,view,NULL,107,"2025-11-16 04:33:44"
599,157,18,view,NULL,25,"2025-06-14 18:31:44"
600,157,48,view,NULL,22,"2025-06-14 18:38:44"
601,20,35,view,NULL,24,"2025-07-01 23:34:44"
602,20,57,view,NULL,29,"2025-07-01 23:39:44"
603,44,22,view,NULL,110,"2025-06-17 05:48:44"
604,24,18,view,NULL,109,"2025-09-14 21:53:44"
605,24,63,view,NULL,60,"2025-09-14 21:50:44"
606,131,30,view,NULL,20,"2025-08-17 04:23:44"
607,131,60,view,NULL,89,"2025-08-17 04:33:44"
608,103,46,view,NULL,99,"2025-06-29 05:47:44"
609,158,33,view,NULL,12,"2025-06-09 19:38:44"
610,22,17,view,NULL,17,"2025-11-01 00:47:44"
611,23,34,view,NULL,71,"2025-09-18 23:28:44"
612,23,12,view,NULL,55,"2025-09-18 23:33:44"
613,17,45,view,NULL,83,"2025-06-27 20:14:44"
614,37,32,view,NULL,15,"2025-08-17 20:36:44"
615,37,58,view,NULL,20,"2025-08-17 20:50:44"
616,37,26,view,NULL,25,"2025-08-17 20:36:44"
617,121,36,view,NULL,98,"2025-07-17 19:36:44"
618,121,58,view,NULL,55,"2025-07-17 19:37:44"
619,32,21,view,NULL,58,"2025-08-30 18:39:44"
620,151,43,view,NULL,111,"2025-10-12 02:45:44"
621,151,55,view,NULL,56,"2025-10-12 02:50:44"
622,121,22,view,NULL,63,"2025-07-13 00:54:44"
623,121,56,view,NULL,78,"2025-07-13 00:48:44"
624,67,12,view,NULL,50,"2025-08-24 08:07:44"
625,67,56,view,NULL,19,"2025-08-24 08:08:44"
626,106,44,view,NULL,63,"2025-09-18 02:33:44"
627,119,23,view,NULL,102,"2025-10-19 02:57:44"
628,130,24,view,NULL,64,"2025-10-12 03:51:44"
629,130,59,view,NULL,104,"2025-10-12 04:03:44"
630,148,36,view,NULL,115,"2025-11-05 22:31:44"
631,146,23,view,NULL,10,"2025-07-04 04:19:44"
632,27,24,view,NULL,55,"2025-08-31 17:55:44"
633,123,5,view,NULL,106,"2025-10-30 00:56:44"
634,42,36,view,NULL,78,"2025-11-22 23:27:44"
635,80,36,view,NULL,95,"2025-10-27 07:26:44"
636,12,11,view,NULL,29,"2025-09-06 19:26:44"
637,43,32,view,NULL,79,"2025-11-04 00:11:44"
638,36,1,view,NULL,22,"2025-07-27 19:09:44"
639,36,61,view,NULL,15,"2025-07-27 19:12:44"
640,160,10,view,NULL,27,"2025-11-07 03:13:44"
641,156,33,view,NULL,68,"2025-08-29 19:18:44"
642,46,10,view,NULL,83,"2025-10-21 01:47:44"
643,115,22,view,NULL,100,"2025-08-01 05:12:44"
644,144,36,view,NULL,16,"2025-07-10 20:12:44"
645,148,35,view,NULL,106,"2025-09-10 01:24:44"
646,43,8,view,NULL,95,"2025-09-30 03:48:44"
647,43,48,view,NULL,51,"2025-09-30 04:06:44"
648,158,45,view,NULL,59,"2025-09-02 04:59:44"
649,158,62,view,NULL,16,"2025-09-02 05:13:44"
650,158,27,view,NULL,63,"2025-09-02 04:53:44"
651,10,1,view,NULL,20,"2025-10-02 05:41:44"
652,149,38,view,NULL,101,"2025-08-08 06:11:44"
653,151,10,view,NULL,14,"2025-10-19 20:25:44"
654,100,46,view,NULL,115,"2025-11-09 17:40:44"
655,143,13,view,NULL,36,"2025-09-23 18:32:44"
656,143,56,view,NULL,67,"2025-09-23 18:50:44"
657,129,38,view,NULL,67,"2025-10-18 01:51:44"
658,109,20,view,NULL,11,"2025-06-06 04:37:44"
659,169,31,view,NULL,46,"2025-07-24 01:43:44"
660,126,45,view,NULL,86,"2025-10-15 23:22:44"
661,126,54,view,NULL,14,"2025-10-15 23:00:44"
662,54,13,view,NULL,26,"2025-08-24 02:14:44"
663,19,15,view,NULL,78,"2025-11-28 03:21:44"
664,19,48,view,NULL,107,"2025-11-28 03:03:44"
665,139,23,view,NULL,48,"2025-07-06 02:23:44"
666,100,46,view,NULL,49,"2025-10-30 18:15:44"
667,38,33,view,NULL,106,"2025-10-13 06:53:44"
668,130,13,view,NULL,31,"2025-06-12 20:10:44"
669,130,49,view,NULL,77,"2025-06-12 20:12:44"
670,144,10,view,NULL,53,"2025-11-26 07:23:44"
671,144,50,view,NULL,30,"2025-11-26 07:21:44"
672,154,41,view,NULL,21,"2025-10-25 00:46:44"
673,154,62,view,NULL,41,"2025-10-25 00:31:44"
674,42,24,view,NULL,117,"2025-08-20 02:54:44"
675,10,40,view,NULL,64,"2025-10-18 22:13:44"
676,45,27,view,NULL,27,"2025-11-28 02:59:44"
677,24,22,view,NULL,39,"2025-11-28 22:15:44"
678,23,38,view,NULL,39,"2025-10-28 20:52:44"
679,23,63,view,NULL,82,"2025-10-28 20:31:44"
680,101,46,view,NULL,26,"2025-09-11 02:39:44"
681,20,33,view,NULL,119,"2025-09-27 02:10:44"
682,86,12,view,NULL,40,"2025-10-25 06:13:44"
683,136,24,view,NULL,69,"2025-06-30 18:11:44"
684,166,22,view,NULL,52,"2025-08-04 00:17:44"
685,88,13,view,NULL,63,"2025-06-16 23:31:44"
686,42,13,view,NULL,58,"2025-09-27 07:50:44"
687,140,16,view,NULL,36,"2025-10-29 05:20:44"
688,140,47,view,NULL,47,"2025-10-29 05:18:44"
689,71,1,view,NULL,101,"2025-07-24 20:51:44"
690,21,38,view,NULL,85,"2025-11-23 07:00:44"
691,21,48,view,NULL,57,"2025-11-23 07:12:44"
692,36,7,view,NULL,91,"2025-08-08 04:19:44"
693,54,30,view,NULL,119,"2025-07-18 19:11:44"
694,54,46,view,NULL,41,"2025-07-18 19:27:44"
695,24,46,view,NULL,54,"2025-09-03 06:12:44"
696,24,52,view,NULL,60,"2025-09-03 06:33:44"
697,42,26,view,NULL,73,"2025-08-30 02:28:44"
698,42,56,view,NULL,38,"2025-08-30 02:15:44"
699,76,8,view,NULL,40,"2025-08-01 07:51:44"
700,41,30,view,NULL,54,"2025-09-30 23:22:44"
701,32,16,view,NULL,55,"2025-06-30 04:56:44"
702,32,60,view,NULL,42,"2025-06-30 04:58:44"
703,82,46,view,NULL,53,"2025-06-17 22:06:44"
704,123,24,view,NULL,18,"2025-10-12 18:33:44"
705,86,23,view,NULL,28,"2025-06-18 19:58:44"
706,121,40,view,NULL,96,"2025-07-28 02:02:44"
707,121,63,view,NULL,55,"2025-07-28 01:58:44"
708,121,43,view,NULL,56,"2025-07-28 01:43:44"
709,131,41,view,NULL,79,"2025-06-10 08:08:44"
710,76,40,view,NULL,27,"2025-12-01 02:36:44"
711,76,58,view,NULL,49,"2025-12-01 02:39:44"
712,103,33,view,NULL,46,"2025-10-18 07:59:44"
713,75,42,view,NULL,56,"2025-11-25 18:32:44"
714,76,34,view,NULL,21,"2025-11-16 04:01:44"
715,53,36,view,NULL,13,"2025-10-21 01:52:44"
716,53,62,view,NULL,102,"2025-10-21 01:31:44"
717,109,35,view,NULL,20,"2025-07-27 18:37:44"
718,109,60,view,NULL,35,"2025-07-27 18:41:44"
719,41,37,view,NULL,25,"2025-07-28 06:37:44"
720,41,61,view,NULL,115,"2025-07-28 06:40:44"
721,109,12,view,NULL,110,"2025-10-10 19:49:44"
722,109,59,view,NULL,42,"2025-10-10 20:04:44"
723,115,36,view,NULL,25,"2025-09-20 02:40:44"
724,115,47,view,NULL,102,"2025-09-20 02:21:44"
725,126,23,view,NULL,102,"2025-08-17 00:42:44"
726,115,27,view,NULL,37,"2025-11-25 00:03:44"
727,55,46,view,NULL,82,"2025-06-25 03:58:44"
728,68,45,view,NULL,80,"2025-10-17 22:24:44"
729,168,4,view,NULL,20,"2025-09-01 23:35:44"
730,126,23,view,NULL,74,"2025-11-07 20:16:44"
731,145,26,view,NULL,70,"2025-07-04 06:17:44"
732,145,55,view,NULL,22,"2025-07-04 06:11:44"
733,36,43,view,NULL,76,"2025-08-01 23:36:44"
734,36,63,view,NULL,115,"2025-08-01 23:39:44"
735,36,44,view,NULL,51,"2025-08-01 23:50:44"
736,100,22,view,NULL,34,"2025-08-23 03:12:44"
737,50,24,view,NULL,50,"2025-09-21 06:58:44"
738,152,40,view,NULL,79,"2025-11-21 23:15:44"
739,87,2,view,NULL,109,"2025-08-01 18:20:44"
740,44,37,view,NULL,46,"2025-11-13 00:51:44"
741,44,58,view,NULL,83,"2025-11-13 01:09:44"
742,23,22,view,NULL,78,"2025-08-17 18:14:44"
743,135,21,view,NULL,23,"2025-08-27 21:47:44"
744,128,38,view,NULL,29,"2025-09-21 06:00:44"
745,128,48,view,NULL,28,"2025-09-21 06:03:44"
746,108,43,view,NULL,16,"2025-10-25 00:45:44"
747,95,2,view,NULL,86,"2025-07-24 08:31:44"
748,166,45,view,NULL,114,"2025-08-03 04:36:44"
749,29,32,view,NULL,51,"2025-09-01 21:39:44"
750,29,63,view,NULL,119,"2025-09-01 21:43:44"
751,86,4,view,NULL,40,"2025-09-18 01:34:44"
752,86,57,view,NULL,109,"2025-09-18 01:18:44"
753,139,43,view,NULL,116,"2025-10-17 20:02:44"
754,152,31,view,NULL,65,"2025-08-11 21:03:44"
755,76,12,view,NULL,34,"2025-11-06 05:13:44"
756,76,63,view,NULL,111,"2025-11-06 05:20:44"
757,168,22,view,NULL,78,"2025-10-30 06:44:44"
758,91,26,view,NULL,34,"2025-11-15 00:25:44"
759,107,44,view,NULL,39,"2025-08-14 07:25:44"
760,107,55,view,NULL,69,"2025-08-14 07:31:44"
761,167,1,view,NULL,50,"2025-09-28 08:44:44"
762,46,2,view,NULL,37,"2025-10-26 18:46:44"
763,46,55,view,NULL,59,"2025-10-26 18:57:44"
764,46,26,view,NULL,24,"2025-10-26 19:03:44"
765,19,4,view,NULL,12,"2025-08-06 00:16:44"
766,19,47,view,NULL,73,"2025-08-06 00:08:44"
767,37,11,view,NULL,74,"2025-07-13 06:10:44"
768,103,44,view,NULL,14,"2025-08-31 02:50:44"
769,158,6,view,NULL,59,"2025-07-23 00:18:44"
770,45,7,view,NULL,101,"2025-10-11 22:50:44"
771,45,63,view,NULL,70,"2025-10-11 22:29:44"
772,90,14,view,NULL,85,"2025-10-07 18:05:44"
773,52,19,view,NULL,61,"2025-07-26 02:18:44"
774,131,11,view,NULL,76,"2025-12-02 07:52:44"
775,80,17,view,NULL,56,"2025-06-24 03:06:44"
776,54,2,view,NULL,115,"2025-11-18 00:03:44"
777,60,1,view,NULL,100,"2025-07-30 21:43:44"
778,101,46,view,NULL,52,"2025-09-20 02:32:44"
779,54,24,view,NULL,81,"2025-11-22 05:15:44"
780,151,45,view,NULL,45,"2025-06-10 02:18:44"
781,151,52,view,NULL,107,"2025-06-10 02:04:44"
782,42,11,view,NULL,46,"2025-11-13 20:20:44"
783,42,51,view,NULL,78,"2025-11-13 20:15:44"
784,42,41,view,NULL,101,"2025-11-13 20:16:44"
785,26,1,view,NULL,118,"2025-07-07 07:54:44"
786,84,6,view,NULL,103,"2025-10-31 05:50:44"
787,130,23,view,NULL,106,"2025-09-28 06:11:44"
788,69,31,view,NULL,69,"2025-08-19 19:23:44"
789,51,19,view,NULL,52,"2025-07-21 08:04:44"
790,51,59,view,NULL,45,"2025-07-21 07:52:44"
791,41,25,view,NULL,66,"2025-10-14 19:43:44"
792,46,11,view,NULL,34,"2025-07-10 18:56:44"
793,46,60,view,NULL,17,"2025-07-10 18:54:44"
794,125,43,view,NULL,50,"2025-11-05 18:36:44"
795,125,51,view,NULL,11,"2025-11-05 18:22:44"
796,42,8,view,NULL,72,"2025-06-07 07:50:44"
797,42,58,view,NULL,72,"2025-06-07 07:58:44"
798,152,42,view,NULL,84,"2025-11-10 23:25:44"
799,152,47,view,NULL,83,"2025-11-10 23:07:44"
800,163,23,view,NULL,36,"2025-08-28 23:59:44"
801,36,43,view,NULL,29,"2025-11-18 20:06:44"
802,36,48,view,NULL,55,"2025-11-18 20:13:44"
803,138,21,view,NULL,82,"2025-06-29 07:43:44"
804,28,15,view,NULL,63,"2025-06-06 21:01:44"
805,28,20,view,NULL,85,"2025-06-06 21:02:44"
806,120,39,view,NULL,105,"2025-11-16 20:16:44"
807,120,57,view,NULL,74,"2025-11-16 20:15:44"
808,120,69,view,NULL,51,"2025-11-16 20:16:44"
809,31,1,view,NULL,17,"2025-10-31 07:58:44"
810,31,62,view,NULL,104,"2025-10-31 07:59:44"
811,57,41,view,NULL,64,"2025-11-22 06:03:44"
812,41,16,view,NULL,79,"2025-07-31 20:42:44"
813,19,7,view,NULL,54,"2025-09-09 17:45:44"
814,133,45,view,NULL,13,"2025-09-12 06:26:44"
815,119,16,view,NULL,57,"2025-12-02 22:55:44"
816,119,59,view,NULL,18,"2025-12-02 23:13:44"
817,80,22,view,NULL,114,"2025-07-14 19:58:44"
818,80,61,view,NULL,119,"2025-07-14 19:49:44"
819,80,17,view,NULL,10,"2025-07-14 19:47:44"
820,115,6,view,NULL,55,"2025-10-16 02:37:44"
821,115,59,view,NULL,40,"2025-10-16 02:41:44"
822,82,4,view,NULL,94,"2025-07-06 18:12:44"
823,19,16,view,NULL,103,"2025-10-21 21:41:44"
824,160,27,view,NULL,88,"2025-09-01 05:29:44"
825,160,63,view,NULL,104,"2025-09-01 05:30:44"
826,8,33,view,NULL,17,"2025-10-17 06:11:44"
827,100,45,view,NULL,70,"2025-11-08 19:31:44"
828,86,33,view,NULL,29,"2025-08-26 19:41:44"
829,67,21,view,NULL,29,"2025-06-29 00:21:44"
830,156,16,view,NULL,68,"2025-08-12 02:15:44"
831,89,18,view,NULL,55,"2025-11-16 07:28:44"
832,143,1,view,NULL,32,"2025-07-02 18:49:44"
833,23,45,view,NULL,100,"2025-08-18 18:15:44"
834,39,4,view,NULL,14,"2025-06-28 23:17:44"
835,39,60,view,NULL,93,"2025-06-28 23:06:44"
836,23,14,view,NULL,92,"2025-11-03 20:43:44"
837,23,63,view,NULL,40,"2025-11-03 20:51:44"
838,32,26,view,NULL,70,"2025-10-18 22:36:44"
839,69,46,view,NULL,110,"2025-08-05 08:01:44"
840,84,41,view,NULL,94,"2025-12-02 17:49:44"
841,41,6,view,NULL,92,"2025-09-08 03:00:44"
842,41,23,view,NULL,41,"2025-09-08 03:00:44"
843,96,28,view,NULL,20,"2025-10-25 20:01:44"
844,48,43,view,NULL,25,"2025-09-29 00:00:44"
845,48,50,view,NULL,81,"2025-09-28 23:54:44"
846,60,6,view,NULL,47,"2025-06-19 05:05:44"
847,60,61,view,NULL,23,"2025-06-19 05:08:44"
848,60,37,view,NULL,74,"2025-06-19 05:10:44"
849,26,11,view,NULL,31,"2025-07-15 06:17:44"
850,156,23,view,NULL,107,"2025-07-14 18:39:44"
851,65,19,view,NULL,44,"2025-06-23 08:29:44"
852,26,45,view,NULL,68,"2025-06-07 07:18:44"
853,75,32,view,NULL,81,"2025-07-08 04:27:44"
854,75,53,view,NULL,42,"2025-07-08 04:34:44"
855,25,22,view,NULL,106,"2025-08-14 20:53:44"
856,57,31,view,NULL,39,"2025-10-12 05:38:44"
857,44,31,view,NULL,61,"2025-08-21 07:49:44"
858,44,17,view,NULL,19,"2025-08-21 07:46:44"
859,44,69,view,NULL,111,"2025-08-21 08:01:44"
860,33,45,view,NULL,42,"2025-06-29 06:45:44"
861,42,35,view,NULL,14,"2025-09-25 03:54:44"
862,42,62,view,NULL,45,"2025-09-25 03:47:44"
863,91,39,view,NULL,37,"2025-08-26 06:04:44"
864,91,59,view,NULL,56,"2025-08-26 05:45:44"
865,11,10,view,NULL,80,"2025-07-11 08:55:44"
866,11,53,view,NULL,33,"2025-07-11 08:58:44"
867,11,34,view,NULL,114,"2025-07-11 08:51:44"
868,56,25,view,NULL,10,"2025-09-14 03:42:44"
869,86,16,view,NULL,67,"2025-08-24 21:49:44"
870,86,57,view,NULL,51,"2025-08-24 21:52:44"
871,22,41,view,NULL,102,"2025-06-27 06:14:44"
872,22,46,view,NULL,75,"2025-06-27 06:32:44"
873,57,11,view,NULL,108,"2025-09-19 22:49:44"
874,96,45,view,NULL,112,"2025-11-19 19:07:44"
875,96,60,view,NULL,27,"2025-11-19 18:56:44"
876,101,37,view,NULL,66,"2025-07-12 04:15:44"
877,136,3,view,NULL,16,"2025-06-25 06:27:44"
878,163,37,view,NULL,68,"2025-08-24 07:55:44"
879,163,61,view,NULL,41,"2025-08-24 08:21:44"
880,25,33,view,NULL,73,"2025-11-12 01:36:44"
881,162,46,view,NULL,41,"2025-10-04 06:57:44"
882,162,61,view,NULL,85,"2025-10-04 07:00:44"
883,105,35,view,NULL,15,"2025-09-13 19:52:44"
884,80,2,view,NULL,77,"2025-10-07 21:34:44"
885,140,8,view,NULL,41,"2025-09-24 07:33:44"
886,153,34,view,NULL,67,"2025-07-29 22:28:44"
887,23,24,view,NULL,38,"2025-11-22 17:52:44"
888,111,25,view,NULL,82,"2025-11-04 17:59:44"
889,85,7,view,NULL,110,"2025-11-28 03:52:44"
890,41,27,view,NULL,11,"2025-09-20 22:34:44"
891,86,25,view,NULL,55,"2025-07-31 05:03:44"
892,53,5,view,NULL,51,"2025-11-14 23:32:44"
893,101,46,view,NULL,20,"2025-09-18 03:19:44"
894,41,3,view,NULL,33,"2025-11-08 05:20:44"
895,41,56,view,NULL,111,"2025-11-08 05:18:44"
896,61,1,view,NULL,27,"2025-07-01 23:42:44"
897,61,59,view,NULL,97,"2025-07-01 23:56:44"
898,156,31,view,NULL,11,"2025-07-16 19:08:44"
899,156,60,view,NULL,115,"2025-07-16 18:53:44"
900,156,11,view,NULL,78,"2025-07-16 19:13:44"
901,28,6,view,NULL,114,"2025-11-09 08:18:44"
902,28,30,view,NULL,11,"2025-11-09 08:14:44"
903,106,28,view,NULL,20,"2025-08-16 04:16:44"
904,113,45,view,NULL,67,"2025-10-10 19:52:44"
905,44,20,view,NULL,54,"2025-11-27 20:30:44"
906,158,5,view,NULL,81,"2025-06-23 20:32:44"
907,69,21,view,NULL,37,"2025-06-30 06:23:44"
908,151,42,view,NULL,37,"2025-10-05 04:01:44"
909,151,61,view,NULL,27,"2025-10-05 04:12:44"
910,70,5,view,NULL,95,"2025-06-20 03:24:44"
911,115,5,view,NULL,117,"2025-06-06 07:35:44"
912,28,20,view,NULL,91,"2025-09-10 22:29:44"
913,28,47,view,NULL,11,"2025-09-10 22:19:44"
914,20,46,view,NULL,113,"2025-08-10 21:21:44"
915,20,58,view,NULL,77,"2025-08-10 21:10:44"
916,16,6,view,NULL,108,"2025-06-06 06:58:44"
917,25,6,view,NULL,26,"2025-07-28 19:41:44"
918,25,50,view,NULL,58,"2025-07-28 19:29:44"
919,52,16,view,NULL,51,"2025-06-14 17:53:44"
920,41,33,view,NULL,29,"2025-10-25 03:21:44"
921,41,60,view,NULL,11,"2025-10-25 03:47:44"
922,133,31,view,NULL,10,"2025-07-11 20:42:44"
923,75,20,view,NULL,20,"2025-09-07 07:58:44"
924,75,51,view,NULL,42,"2025-09-07 08:09:44"
925,158,41,view,NULL,111,"2025-08-18 01:35:44"
926,158,63,view,NULL,96,"2025-08-18 01:13:44"
927,172,20,view,NULL,92,"2025-11-21 06:28:44"
928,96,11,view,NULL,101,"2025-10-21 06:04:44"
929,96,51,view,NULL,95,"2025-10-21 06:12:44"
930,77,41,view,NULL,44,"2025-07-20 19:13:44"
931,77,61,view,NULL,66,"2025-07-20 19:00:44"
932,125,1,view,NULL,68,"2025-08-05 19:23:44"
933,125,47,view,NULL,16,"2025-08-05 19:29:44"
934,67,22,view,NULL,21,"2025-07-10 23:34:44"
935,67,50,view,NULL,81,"2025-07-10 23:12:44"
936,65,4,view,NULL,25,"2025-07-17 19:04:44"
937,136,33,view,NULL,52,"2025-09-18 02:14:44"
938,77,13,view,NULL,78,"2025-10-04 01:39:44"
939,55,36,view,NULL,21,"2025-11-30 07:40:44"
940,55,63,view,NULL,74,"2025-11-30 07:33:44"
941,77,8,view,NULL,100,"2025-11-12 17:58:44"
942,155,9,view,NULL,70,"2025-06-06 23:54:44"
943,167,5,view,NULL,60,"2025-07-27 07:34:44"
944,167,49,view,NULL,112,"2025-07-27 07:25:44"
945,114,16,view,NULL,50,"2025-09-18 19:41:44"
946,10,11,view,NULL,23,"2025-06-18 01:00:44"
947,10,60,view,NULL,55,"2025-06-18 00:55:44"
948,132,16,view,NULL,25,"2025-11-05 06:19:44"
949,128,8,view,NULL,22,"2025-09-26 20:56:44"
950,128,50,view,NULL,112,"2025-09-26 20:37:44"
951,143,20,view,NULL,107,"2025-07-21 21:54:44"
952,143,61,view,NULL,69,"2025-07-21 21:49:44"
953,115,24,view,NULL,11,"2025-11-10 18:15:44"
954,91,5,view,NULL,39,"2025-10-26 19:40:44"
955,147,10,view,NULL,28,"2025-11-30 08:24:44"
956,147,61,view,NULL,23,"2025-11-30 08:37:44"
957,147,21,view,NULL,70,"2025-11-30 08:39:44"
958,10,27,view,NULL,106,"2025-09-27 23:41:44"
959,10,59,view,NULL,81,"2025-09-27 23:24:44"
960,10,3,view,NULL,27,"2025-09-27 23:32:44"
961,153,28,view,NULL,109,"2025-11-09 03:26:44"
962,16,40,view,NULL,80,"2025-10-12 20:40:44"
963,135,5,view,NULL,73,"2025-10-25 03:13:44"
964,28,16,view,NULL,26,"2025-08-19 05:03:44"
965,105,4,view,NULL,17,"2025-09-21 04:35:44"
966,24,11,view,NULL,93,"2025-07-31 02:37:44"
967,75,5,view,NULL,33,"2025-06-28 23:35:44"
968,75,40,view,NULL,86,"2025-06-28 23:40:44"
969,90,44,view,NULL,91,"2025-11-30 21:39:44"
970,91,28,view,NULL,12,"2025-10-13 18:35:44"
971,156,15,view,NULL,71,"2025-11-23 03:08:44"
972,28,12,view,NULL,36,"2025-09-07 07:00:44"
973,165,25,view,NULL,43,"2025-10-22 21:47:44"
974,82,16,view,NULL,17,"2025-10-21 22:02:44"
975,82,54,view,NULL,112,"2025-10-21 22:03:44"
976,37,39,view,NULL,28,"2025-07-17 05:21:44"
977,131,25,view,NULL,66,"2025-09-10 02:25:44"
978,103,26,view,NULL,75,"2025-09-24 02:59:44"
979,20,16,view,NULL,86,"2025-07-22 22:41:44"
980,32,39,view,NULL,117,"2025-10-31 03:41:44"
981,155,9,view,NULL,45,"2025-10-04 18:31:44"
982,169,21,view,NULL,57,"2025-08-19 06:32:44"
983,122,45,view,NULL,59,"2025-12-02 19:03:44"
984,28,1,view,NULL,60,"2025-09-01 04:44:44"
985,44,46,view,NULL,91,"2025-08-06 21:15:44"
986,103,29,view,NULL,47,"2025-09-24 08:49:44"
987,11,39,view,NULL,39,"2025-11-28 07:11:44"
988,11,51,view,NULL,94,"2025-11-28 07:07:44"
989,11,3,view,NULL,32,"2025-11-28 07:18:44"
990,149,24,view,NULL,65,"2025-07-11 23:38:44"
991,149,62,view,NULL,85,"2025-07-11 23:52:44"
992,149,37,view,NULL,95,"2025-07-11 23:53:44"
993,57,46,view,NULL,102,"2025-11-19 22:42:44"
994,154,36,view,NULL,85,"2025-07-26 19:33:44"
995,41,23,view,NULL,53,"2025-07-11 03:44:44"
996,164,5,view,NULL,14,"2025-11-18 22:37:44"
997,164,49,view,NULL,90,"2025-11-18 22:38:44"
998,46,45,view,NULL,85,"2025-09-10 21:04:44"
999,46,53,view,NULL,46,"2025-09-10 21:07:44"
1000,151,40,view,NULL,61,"2025-10-11 03:20:44"
1001,136,36,view,NULL,78,"2025-11-12 00:24:44"
1002,136,50,view,NULL,30,"2025-11-12 00:35:44"
1003,95,32,view,NULL,12,"2025-09-01 01:59:44"
1004,32,17,view,NULL,111,"2025-09-09 18:19:44"
1005,32,68,view,NULL,64,"2025-09-09 18:00:44"
1006,113,37,view,NULL,14,"2025-11-18 06:50:44"
1007,113,47,view,NULL,99,"2025-11-18 07:05:44"
1008,111,5,view,NULL,29,"2025-07-25 08:23:44"
1009,162,8,view,NULL,54,"2025-11-21 02:32:44"
1010,28,41,view,NULL,82,"2025-07-21 03:27:44"
1011,82,46,view,NULL,26,"2025-07-24 05:15:44"
1012,82,60,view,NULL,84,"2025-07-24 05:14:44"
1013,117,1,view,NULL,108,"2025-10-22 00:27:44"
1014,117,61,view,NULL,39,"2025-10-22 00:39:44"
1015,109,23,view,NULL,53,"2025-12-01 22:43:44"
1016,109,56,view,NULL,35,"2025-12-01 23:12:44"
1017,30,29,view,NULL,22,"2025-11-11 04:09:44"
1018,51,43,view,NULL,54,"2025-10-22 07:08:44"
1019,149,22,view,NULL,14,"2025-07-15 04:31:44"
1020,166,28,view,NULL,24,"2025-06-15 07:43:44"
1021,166,63,view,NULL,51,"2025-06-15 07:43:44"
1022,149,28,view,NULL,22,"2025-09-15 19:15:44"
1023,69,1,view,NULL,63,"2025-11-21 03:13:44"
1024,43,21,view,NULL,69,"2025-06-30 02:25:44"
1025,43,55,view,NULL,106,"2025-06-30 02:28:44"
1026,108,4,view,NULL,59,"2025-09-18 01:29:44"
1027,167,1,view,NULL,40,"2025-06-21 03:26:44"
1028,44,18,view,NULL,116,"2025-11-27 05:08:44"
1029,44,61,view,NULL,74,"2025-11-27 05:03:44"
1030,44,17,view,NULL,109,"2025-11-27 05:02:44"
1031,123,33,view,NULL,33,"2025-11-07 04:03:44"
1032,123,53,view,NULL,98,"2025-11-07 03:41:44"
1033,106,42,view,NULL,58,"2025-10-25 01:46:44"
1034,58,23,view,NULL,88,"2025-06-19 01:43:44"
1035,58,47,view,NULL,94,"2025-06-19 02:00:44"
1036,24,31,view,NULL,10,"2025-09-13 20:54:44"
1037,49,32,view,NULL,84,"2025-11-02 21:08:44"
1038,103,46,view,NULL,64,"2025-06-10 21:58:44"
1039,103,58,view,NULL,90,"2025-06-10 21:54:44"
1040,151,34,view,NULL,112,"2025-10-24 00:32:44"
1041,151,48,view,NULL,29,"2025-10-24 00:51:44"
1042,42,1,view,NULL,79,"2025-12-02 07:33:44"
1043,42,54,view,NULL,108,"2025-12-02 07:30:44"
1044,36,14,view,NULL,69,"2025-06-10 23:29:44"
1045,36,56,view,NULL,78,"2025-06-10 23:12:44"
1046,163,1,view,NULL,11,"2025-06-12 22:33:44"
1047,72,7,view,NULL,87,"2025-11-28 01:46:44"
1048,72,62,view,NULL,33,"2025-11-28 01:43:44"
1049,108,18,view,NULL,91,"2025-07-01 08:02:44"
1050,13,40,view,NULL,119,"2025-07-09 19:17:44"
1051,157,26,view,NULL,12,"2025-09-10 02:58:44"
1052,158,10,view,NULL,71,"2025-06-29 00:08:44"
1053,102,38,view,NULL,22,"2025-11-14 20:30:44"
1054,102,47,view,NULL,38,"2025-11-14 20:51:44"
1055,146,17,view,NULL,74,"2025-08-10 08:33:44"
1056,146,63,view,NULL,83,"2025-08-10 08:27:44"
1057,50,24,view,NULL,61,"2025-06-26 05:25:44"
1058,50,59,view,NULL,23,"2025-06-26 05:35:44"
1059,76,2,view,NULL,59,"2025-10-05 18:33:44"
1060,125,26,view,NULL,90,"2025-11-09 07:11:44"
1061,169,42,view,NULL,39,"2025-06-18 18:05:44"
1062,169,63,view,NULL,60,"2025-06-18 17:52:44"
1063,46,4,view,NULL,13,"2025-10-14 23:36:44"
1064,46,52,view,NULL,62,"2025-10-14 23:28:44"
1065,130,6,view,NULL,62,"2025-10-12 22:51:44"
1066,28,46,view,NULL,74,"2025-06-16 00:41:44"
1067,141,21,view,NULL,111,"2025-11-24 08:25:44"
1068,94,31,view,NULL,14,"2025-07-27 02:59:44"
1069,152,24,view,NULL,35,"2025-10-21 06:00:44"
1070,49,35,view,NULL,111,"2025-11-25 03:18:44"
1071,49,59,view,NULL,112,"2025-11-25 03:21:44"
1072,69,46,view,NULL,32,"2025-07-02 04:46:44"
1073,69,52,view,NULL,83,"2025-07-02 04:34:44"
1074,158,18,view,NULL,78,"2025-08-10 20:53:44"
1075,158,60,view,NULL,115,"2025-08-10 20:59:44"
1076,126,4,view,NULL,105,"2025-07-30 05:23:44"
1077,66,2,view,NULL,101,"2025-07-23 00:53:44"
1078,32,38,view,NULL,55,"2025-11-26 23:51:44"
1079,151,25,view,NULL,91,"2025-07-31 01:08:44"
1080,21,37,view,NULL,110,"2025-07-12 21:49:44"
1081,167,40,view,NULL,64,"2025-06-06 21:37:44"
1082,57,24,view,NULL,48,"2025-07-06 08:38:44"
1083,134,7,view,NULL,73,"2025-10-12 19:11:44"
1084,134,59,view,NULL,75,"2025-10-12 19:06:44"
1085,78,40,view,NULL,86,"2025-09-05 04:50:44"
1086,151,41,view,NULL,18,"2025-10-18 17:56:44"
1087,151,50,view,NULL,50,"2025-10-18 17:59:44"
1088,151,30,view,NULL,71,"2025-10-18 17:50:44"
1089,133,16,view,NULL,65,"2025-06-18 06:40:44"
1090,149,15,view,NULL,58,"2025-08-13 20:16:44"
1091,149,64,view,NULL,58,"2025-08-13 20:08:44"
1092,20,7,view,NULL,20,"2025-08-16 08:30:44"
1093,99,46,view,NULL,32,"2025-06-17 21:25:44"
1094,116,22,view,NULL,56,"2025-11-24 06:14:44"
1095,116,61,view,NULL,112,"2025-11-24 05:53:44"
1096,115,16,view,NULL,29,"2025-07-29 07:38:44"
1097,115,58,view,NULL,48,"2025-07-29 07:41:44"
1098,69,34,view,NULL,119,"2025-07-06 03:08:44"
1099,105,23,view,NULL,92,"2025-08-16 20:21:44"
1100,30,35,view,NULL,75,"2025-07-09 21:01:44"
1101,30,63,view,NULL,83,"2025-07-09 21:06:44"
1102,145,23,view,NULL,16,"2025-11-24 21:32:44"
1103,145,31,view,NULL,78,"2025-11-24 21:21:44"
1104,104,7,view,NULL,87,"2025-11-28 03:59:44"
1105,126,6,view,NULL,118,"2025-06-05 19:56:44"
1106,149,1,view,NULL,24,"2025-10-28 03:48:44"
1107,149,49,view,NULL,119,"2025-10-28 03:30:44"
1108,90,26,view,NULL,47,"2025-06-28 08:07:44"
1109,105,16,view,NULL,30,"2025-07-23 22:47:44"
1110,105,63,view,NULL,107,"2025-07-23 22:28:44"
1111,146,46,view,NULL,68,"2025-06-08 01:27:44"
1112,146,51,view,NULL,114,"2025-06-08 01:31:44"
1113,119,24,view,NULL,39,"2025-08-04 07:20:44"
1114,119,46,view,NULL,84,"2025-08-04 07:25:44"
1115,57,8,view,NULL,60,"2025-07-04 22:33:44"
1116,108,1,view,NULL,41,"2025-07-07 21:52:44"
1117,119,36,view,NULL,63,"2025-07-31 02:50:44"
1118,119,58,view,NULL,93,"2025-07-31 02:57:44"
1119,163,10,view,NULL,51,"2025-06-07 08:18:44"
1120,24,15,view,NULL,50,"2025-08-08 01:21:44"
1121,126,36,view,NULL,118,"2025-10-12 02:55:44"
1122,126,48,view,NULL,44,"2025-10-12 03:04:44"
1123,46,23,view,NULL,24,"2025-11-04 18:33:44"
1124,20,20,view,NULL,78,"2025-06-21 19:14:44"
1125,130,13,view,NULL,116,"2025-09-01 21:35:44"
1126,130,59,view,NULL,68,"2025-09-01 21:35:44"
1127,142,1,view,NULL,41,"2025-07-12 03:21:44"
1128,142,52,view,NULL,68,"2025-07-12 03:10:44"
1129,41,22,view,NULL,22,"2025-11-24 01:00:44"
1130,106,20,view,NULL,89,"2025-07-18 08:18:44"
1131,59,5,view,NULL,69,"2025-10-20 08:45:44"
1132,59,60,view,NULL,95,"2025-10-20 08:27:44"
1133,57,11,view,NULL,44,"2025-08-22 08:52:44"
1134,135,28,view,NULL,96,"2025-08-08 08:47:44"
1135,145,30,view,NULL,109,"2025-08-24 06:14:44"
1136,115,5,view,NULL,64,"2025-06-21 18:17:44"
1137,151,29,view,NULL,116,"2025-10-29 18:31:44"
1138,151,57,view,NULL,51,"2025-10-29 18:29:44"
1139,128,5,view,NULL,76,"2025-06-19 06:29:44"
1140,128,57,view,NULL,31,"2025-06-19 06:16:44"
1141,100,44,view,NULL,48,"2025-11-12 02:52:44"
1142,94,6,view,NULL,46,"2025-07-28 03:28:44"
1143,94,61,view,NULL,109,"2025-07-28 03:14:44"
1144,94,1,view,NULL,103,"2025-07-28 03:13:44"
1145,127,35,view,NULL,23,"2025-07-27 00:55:44"
1146,24,46,view,NULL,83,"2025-07-05 20:07:44"
1147,124,1,view,NULL,108,"2025-10-27 18:40:44"
1148,140,14,view,NULL,35,"2025-10-14 21:18:44"
1149,168,9,view,NULL,75,"2025-08-05 23:55:44"
1150,164,17,view,NULL,48,"2025-10-13 21:59:44"
1151,113,2,view,NULL,105,"2025-11-16 04:28:44"
1152,111,6,view,NULL,78,"2025-08-20 22:07:44"
1153,111,61,view,NULL,77,"2025-08-20 22:03:44"
1154,111,31,view,NULL,29,"2025-08-20 21:59:44"
1155,38,13,view,NULL,65,"2025-06-06 06:51:44"
1156,73,3,view,NULL,61,"2025-09-01 22:38:44"
1157,93,15,view,NULL,72,"2025-10-14 19:55:44"
1158,93,60,view,NULL,101,"2025-10-14 19:30:44"
1159,46,10,view,NULL,115,"2025-07-31 04:37:44"
1160,46,63,view,NULL,96,"2025-07-31 04:45:44"
1161,82,3,view,NULL,93,"2025-11-06 04:01:44"
1162,82,53,view,NULL,10,"2025-11-06 04:11:44"
1163,46,22,view,NULL,118,"2025-07-23 04:46:44"
1164,145,2,view,NULL,12,"2025-07-25 06:35:44"
1165,42,19,view,NULL,110,"2025-06-30 19:48:44"
1166,42,61,view,NULL,83,"2025-06-30 19:49:44"
1167,115,1,view,NULL,10,"2025-11-23 23:32:44"
1168,147,19,view,NULL,45,"2025-11-01 06:29:44"
1169,67,23,view,NULL,32,"2025-09-15 03:41:44"
1170,67,60,view,NULL,57,"2025-09-15 03:22:44"
1171,41,45,view,NULL,51,"2025-09-02 03:45:44"
1172,41,54,view,NULL,60,"2025-09-02 03:58:44"
1173,105,25,view,NULL,41,"2025-07-21 22:23:44"
1174,105,19,view,NULL,44,"2025-06-30 07:04:44"
1175,97,24,view,NULL,66,"2025-07-23 20:59:44"
1176,97,51,view,NULL,92,"2025-07-23 21:09:44"
1177,106,11,view,NULL,63,"2025-11-30 22:20:44"
1178,106,26,view,NULL,116,"2025-11-30 21:58:44"
1179,82,22,view,NULL,38,"2025-11-01 19:31:44"
1180,134,16,view,NULL,106,"2025-11-02 00:36:44"
1181,50,6,view,NULL,65,"2025-11-05 00:49:44"
1182,50,62,view,NULL,20,"2025-11-05 00:49:44"
1183,50,21,view,NULL,10,"2025-11-05 00:35:44"
1184,42,16,view,NULL,23,"2025-07-21 01:12:44"
1185,42,62,view,NULL,60,"2025-07-21 01:18:44"
1186,126,16,view,NULL,86,"2025-10-17 20:23:44"
1187,43,44,view,NULL,35,"2025-09-23 07:59:44"
1188,43,60,view,NULL,91,"2025-09-23 07:40:44"
1189,150,6,view,NULL,19,"2025-08-21 06:56:44"
1190,115,43,view,NULL,84,"2025-11-02 02:19:44"
1191,16,6,view,NULL,58,"2025-06-28 08:00:44"
1192,16,62,view,NULL,56,"2025-06-28 08:05:44"
1193,134,14,view,NULL,80,"2025-07-22 09:06:44"
1194,166,45,view,NULL,40,"2025-08-18 05:39:44"
1195,166,18,view,NULL,115,"2025-08-18 05:43:44"
1196,125,4,view,NULL,33,"2025-06-27 21:11:44"
1197,86,4,view,NULL,31,"2025-11-16 02:40:44"
1198,108,37,view,NULL,96,"2025-10-13 19:17:44"
1199,39,45,view,NULL,46,"2025-10-25 18:45:44"
1200,172,38,view,NULL,56,"2025-07-25 04:03:44"
1201,172,49,view,NULL,18,"2025-07-25 04:00:44"
1202,119,16,view,NULL,102,"2025-11-15 04:49:44"
1203,165,46,view,NULL,114,"2025-06-18 02:54:44"
1204,165,51,view,NULL,59,"2025-06-18 02:57:44"
1205,111,42,view,NULL,16,"2025-09-03 18:47:44"
1206,170,39,view,NULL,67,"2025-09-03 05:19:44"
1207,158,40,view,NULL,113,"2025-06-10 18:43:44"
1208,34,7,view,NULL,110,"2025-07-14 02:17:44"
1209,34,57,view,NULL,66,"2025-07-14 02:22:44"
1210,41,23,view,NULL,77,"2025-07-31 04:35:44"
1211,41,63,view,NULL,104,"2025-07-31 04:40:44"
1212,151,18,view,NULL,13,"2025-06-12 18:12:44"
1213,152,12,view,NULL,52,"2025-08-05 04:04:44"
1214,152,15,view,NULL,103,"2025-08-05 04:04:44"
1215,11,8,view,NULL,87,"2025-07-17 05:43:44"
1216,11,61,view,NULL,35,"2025-07-17 05:56:44"
1217,43,5,view,NULL,50,"2025-10-17 18:26:44"
1218,82,18,view,NULL,49,"2025-08-03 02:40:44"
1219,118,44,view,NULL,82,"2025-12-01 06:51:44"
1220,149,6,view,NULL,101,"2025-10-05 07:02:44"
1221,153,12,view,NULL,45,"2025-11-25 05:07:44"
1222,153,58,view,NULL,97,"2025-11-25 05:01:44"
1223,78,31,view,NULL,13,"2025-08-19 06:47:44"
1224,78,53,view,NULL,48,"2025-08-19 06:47:44"
1225,103,6,view,NULL,101,"2025-09-15 01:07:44"
1226,84,11,view,NULL,114,"2025-06-28 08:32:44"
1227,10,11,view,NULL,20,"2025-07-06 04:14:44"
1228,88,24,view,NULL,111,"2025-08-24 03:05:44"
1229,88,58,view,NULL,23,"2025-08-24 03:01:44"
1230,51,46,view,NULL,83,"2025-10-11 01:10:44"
1231,51,53,view,NULL,57,"2025-10-11 01:11:44"
1232,163,19,view,NULL,20,"2025-11-08 19:06:44"
1233,163,62,view,NULL,107,"2025-11-08 18:59:44"
1234,94,23,view,NULL,35,"2025-10-06 06:40:44"
1235,95,45,view,NULL,88,"2025-08-15 18:25:44"
1236,57,4,view,NULL,39,"2025-09-29 23:30:44"
1237,145,8,view,NULL,93,"2025-10-07 20:01:44"
1238,111,45,view,NULL,19,"2025-11-26 04:27:44"
1239,111,48,view,NULL,94,"2025-11-26 04:17:44"
1240,49,6,view,NULL,61,"2025-10-07 21:39:44"
1241,49,60,view,NULL,87,"2025-10-07 22:01:44"
1242,49,38,view,NULL,36,"2025-10-07 21:45:44"
1243,131,20,view,NULL,88,"2025-11-22 18:39:44"
1244,120,4,view,NULL,109,"2025-10-30 23:19:44"
1245,139,11,view,NULL,80,"2025-10-06 07:17:44"
1246,41,5,view,NULL,72,"2025-08-01 07:24:44"
1247,166,11,view,NULL,79,"2025-08-05 06:43:44"
1248,163,24,view,NULL,20,"2025-07-07 23:31:44"
1249,55,22,view,NULL,23,"2025-09-06 05:56:44"
1250,55,59,view,NULL,13,"2025-09-06 06:15:44"
1251,166,19,view,NULL,53,"2025-07-22 06:02:44"
1252,37,28,view,NULL,40,"2025-10-22 02:50:44"
1253,37,62,view,NULL,41,"2025-10-22 02:33:44"
1254,150,46,view,NULL,81,"2025-11-26 07:21:44"
1255,159,24,view,NULL,15,"2025-09-21 02:46:44"
1256,159,62,view,NULL,90,"2025-09-21 02:47:44"
1257,120,8,view,NULL,69,"2025-10-29 02:45:44"
1258,120,53,view,NULL,28,"2025-10-29 02:48:44"
1259,104,41,view,NULL,55,"2025-08-28 18:40:44"
1260,153,46,view,NULL,113,"2025-06-27 07:04:44"
1261,153,17,view,NULL,59,"2025-06-27 07:04:44"
1262,75,21,view,NULL,28,"2025-11-01 01:24:44"
1263,75,53,view,NULL,91,"2025-11-01 01:25:44"
1264,103,33,view,NULL,85,"2025-11-02 19:41:44"
1265,103,54,view,NULL,12,"2025-11-02 19:45:44"
1266,148,6,view,NULL,30,"2025-10-10 07:27:44"
1267,148,49,view,NULL,40,"2025-10-10 07:16:44"
1268,157,40,view,NULL,33,"2025-10-09 00:15:44"
1269,157,60,view,NULL,17,"2025-10-09 00:22:44"
1270,127,41,view,NULL,103,"2025-07-23 00:17:44"
1271,127,58,view,NULL,120,"2025-07-23 00:07:44"
1272,40,27,view,NULL,104,"2025-10-31 07:51:44"
1273,40,63,view,NULL,108,"2025-10-31 07:36:44"
1274,108,43,view,NULL,87,"2025-11-07 22:35:44"
1275,108,62,view,NULL,40,"2025-11-07 22:56:44"
1276,130,26,view,NULL,17,"2025-09-23 18:39:44"
1277,130,61,view,NULL,75,"2025-09-23 18:48:44"
1278,168,22,view,NULL,91,"2025-08-28 03:24:44"
1279,168,48,view,NULL,22,"2025-08-28 03:18:44"
1280,80,6,view,NULL,79,"2025-06-08 01:37:44"
1281,126,39,view,NULL,41,"2025-07-25 02:48:44"
1282,127,4,view,NULL,104,"2025-10-02 01:31:44"
1283,45,4,view,NULL,83,"2025-10-13 01:55:44"
1284,45,58,view,NULL,24,"2025-10-13 01:46:44"
1285,57,11,view,NULL,17,"2025-07-19 02:25:44"
1286,57,50,view,NULL,80,"2025-07-19 02:17:44"
1287,43,9,view,NULL,40,"2025-08-16 06:53:44"
1288,31,13,view,NULL,72,"2025-09-10 03:09:44"
1289,59,22,view,NULL,14,"2025-09-06 23:50:44"
1290,22,26,view,NULL,31,"2025-10-08 00:40:44"
1291,21,22,view,NULL,10,"2025-06-27 02:50:44"
1292,171,46,view,NULL,105,"2025-11-24 07:53:44"
1293,171,57,view,NULL,59,"2025-11-24 08:07:44"
1294,91,4,view,NULL,63,"2025-10-02 05:51:44"
1295,56,22,view,NULL,19,"2025-11-26 22:30:44"
1296,56,52,view,NULL,80,"2025-11-26 22:42:44"
1297,150,6,view,NULL,103,"2025-09-22 05:44:44"
1298,150,47,view,NULL,107,"2025-09-22 05:44:44"
1299,87,43,view,NULL,25,"2025-07-26 00:02:44"
1300,87,63,view,NULL,70,"2025-07-26 00:31:44"
1301,51,35,view,NULL,81,"2025-09-30 08:32:44"
1302,51,24,view,NULL,90,"2025-09-30 08:41:44"
1303,95,34,view,NULL,63,"2025-11-18 19:55:44"
1304,95,58,view,NULL,58,"2025-11-18 19:46:44"
1305,57,1,view,NULL,34,"2025-07-25 06:34:44"
1306,57,62,view,NULL,20,"2025-07-25 06:15:44"
1307,140,45,view,NULL,101,"2025-10-09 06:37:44"
1308,124,36,view,NULL,10,"2025-09-08 20:11:44"
1309,145,20,view,NULL,19,"2025-09-06 23:17:44"
1310,73,6,view,NULL,108,"2025-11-22 07:02:44"
1311,73,55,view,NULL,73,"2025-11-22 07:00:44"
1312,137,8,view,NULL,25,"2025-11-15 02:12:44"
1313,77,8,view,NULL,45,"2025-07-10 06:18:44"
1314,42,16,view,NULL,32,"2025-10-30 18:24:44"
1315,42,57,view,NULL,95,"2025-10-30 18:17:44"
1316,92,25,view,NULL,28,"2025-06-17 23:16:44"
1317,92,61,view,NULL,64,"2025-06-17 23:02:44"
1318,32,37,view,NULL,112,"2025-10-09 19:16:44"
1319,32,51,view,NULL,115,"2025-10-09 19:39:44"
1320,124,12,view,NULL,46,"2025-11-15 19:03:44"
1321,32,18,view,NULL,27,"2025-07-29 17:46:44"
1322,32,47,view,NULL,94,"2025-07-29 18:02:44"
1323,51,1,view,NULL,45,"2025-07-08 19:29:44"
1324,56,22,view,NULL,47,"2025-08-19 00:33:44"
1325,23,19,view,NULL,111,"2025-09-18 01:04:44"
1326,23,48,view,NULL,87,"2025-09-18 00:57:44"
1327,23,68,view,NULL,32,"2025-09-18 01:05:44"
1328,131,3,view,NULL,87,"2025-09-21 20:37:44"
1329,50,39,view,NULL,33,"2025-08-09 18:30:44"
1330,50,62,view,NULL,107,"2025-08-09 18:43:44"
1331,51,33,view,NULL,13,"2025-12-02 18:02:44"
1332,51,47,view,NULL,84,"2025-12-02 18:24:44"
1333,23,3,view,NULL,82,"2025-06-10 23:03:44"
1334,23,56,view,NULL,103,"2025-06-10 23:12:44"
1335,153,39,view,NULL,18,"2025-10-20 00:40:44"
1336,100,25,view,NULL,21,"2025-06-18 02:29:44"
1337,141,9,view,NULL,97,"2025-08-23 01:02:44"
1338,101,10,view,NULL,107,"2025-11-18 04:15:44"
1339,101,37,view,NULL,28,"2025-06-15 18:55:44"
1340,158,23,view,NULL,97,"2025-08-25 23:04:44"
1341,158,60,view,NULL,25,"2025-08-25 23:17:44"
1342,100,22,view,NULL,62,"2025-07-16 22:32:44"
1343,60,6,view,NULL,99,"2025-11-01 02:37:44"
1344,82,1,view,NULL,59,"2025-10-14 19:01:44"
1345,82,59,view,NULL,87,"2025-10-14 18:47:44"
1346,162,46,view,NULL,12,"2025-11-24 23:40:44"
1347,89,5,view,NULL,42,"2025-09-14 19:00:44"
1348,153,5,view,NULL,116,"2025-11-27 08:22:44"
1349,153,60,view,NULL,60,"2025-11-27 08:16:44"
1350,45,11,view,NULL,38,"2025-09-10 06:01:44"
1351,59,32,view,NULL,48,"2025-07-19 05:55:44"
1352,59,49,view,NULL,103,"2025-07-19 06:00:44"
1353,60,6,view,NULL,63,"2025-06-09 08:48:44"
1354,41,34,view,NULL,73,"2025-08-27 19:06:44"
1355,12,29,view,NULL,67,"2025-10-30 18:29:44"
1356,12,51,view,NULL,110,"2025-10-30 18:35:44"
1357,153,41,view,NULL,116,"2025-09-14 02:00:44"
1358,44,6,view,NULL,92,"2025-12-02 07:20:44"
1359,162,32,view,NULL,18,"2025-11-23 20:42:44"
1360,162,55,view,NULL,68,"2025-11-23 20:52:44"
1361,100,1,view,NULL,15,"2025-07-31 04:26:44"
1362,43,20,view,NULL,66,"2025-06-21 01:24:44"
1363,160,40,view,NULL,92,"2025-09-11 02:21:44"
1364,160,53,view,NULL,85,"2025-09-11 02:20:44"
1365,105,41,view,NULL,99,"2025-08-20 08:32:44"
1366,105,60,view,NULL,105,"2025-08-20 08:19:44"
1367,16,31,view,NULL,79,"2025-09-29 06:39:44"
1368,10,46,view,NULL,109,"2025-06-16 04:47:44"
1369,139,46,view,NULL,71,"2025-09-20 05:59:44"
1370,139,55,view,NULL,49,"2025-09-20 05:53:44"
1371,77,14,view,NULL,79,"2025-11-07 03:52:44"
1372,122,11,view,NULL,74,"2025-11-20 23:37:44"
1373,122,58,view,NULL,20,"2025-11-20 23:33:44"
1374,86,11,view,NULL,90,"2025-10-14 04:51:44"
1375,12,8,view,NULL,52,"2025-06-18 00:32:44"
1376,41,36,view,NULL,30,"2025-11-02 01:33:44"
1377,41,53,view,NULL,99,"2025-11-02 01:31:44"
1378,144,11,view,NULL,86,"2025-07-01 01:18:44"
1379,42,41,view,NULL,91,"2025-09-17 17:56:44"
1380,42,49,view,NULL,33,"2025-09-17 18:04:44"
1381,86,26,view,NULL,13,"2025-06-28 03:21:44"
1382,129,27,view,NULL,74,"2025-08-23 04:20:44"
1383,65,45,view,NULL,87,"2025-06-16 21:31:44"
1384,168,40,view,NULL,64,"2025-07-10 23:41:44"
1385,115,17,view,NULL,51,"2025-08-23 17:50:44"
1386,168,34,view,NULL,107,"2025-11-02 00:25:44"
1387,168,58,view,NULL,113,"2025-11-02 00:34:44"
1388,96,7,view,NULL,25,"2025-06-12 04:35:44"
1389,96,57,view,NULL,51,"2025-06-12 04:38:44"
1390,10,21,view,NULL,55,"2025-11-08 17:50:44"
1391,151,17,view,NULL,45,"2025-06-23 21:55:44"
1392,151,62,view,NULL,87,"2025-06-23 21:34:44"
1393,171,17,view,NULL,96,"2025-09-05 20:19:44"
1394,171,48,view,NULL,84,"2025-09-05 20:21:44"
1395,129,30,view,NULL,87,"2025-07-17 19:49:44"
1396,121,34,view,NULL,72,"2025-09-24 01:21:44"
1397,133,20,view,NULL,88,"2025-09-26 18:28:44"
1398,133,62,view,NULL,49,"2025-09-26 18:32:44"
1399,20,10,view,NULL,102,"2025-11-07 17:53:44"
1400,20,50,view,NULL,101,"2025-11-07 17:54:44"
1401,88,38,view,NULL,50,"2025-07-16 00:36:44"
1402,88,48,view,NULL,108,"2025-07-16 00:53:44"
1403,121,27,view,NULL,70,"2025-07-31 18:59:44"
1404,121,58,view,NULL,26,"2025-07-31 19:15:44"
1405,56,15,view,NULL,102,"2025-10-11 23:47:44"
1406,56,57,view,NULL,57,"2025-10-11 23:41:44"
1407,63,43,view,NULL,85,"2025-10-23 22:08:44"
1408,105,30,view,NULL,92,"2025-08-04 05:00:44"
1409,105,59,view,NULL,66,"2025-08-04 05:03:44"
1410,105,45,view,NULL,41,"2025-08-04 05:28:44"
1411,143,6,view,NULL,60,"2025-06-08 06:18:44"
1412,153,15,view,NULL,71,"2025-07-14 06:46:44"
1413,140,33,view,NULL,119,"2025-09-09 03:08:44"
1414,156,1,view,NULL,17,"2025-11-19 23:13:44"
1415,165,31,view,NULL,76,"2025-12-02 00:38:44"
1416,165,50,view,NULL,114,"2025-12-02 00:34:44"
1417,165,23,view,NULL,27,"2025-12-02 00:32:44"
1418,43,24,view,NULL,98,"2025-07-13 04:17:44"
1419,43,48,view,NULL,27,"2025-07-13 04:28:44"
1420,21,19,view,NULL,85,"2025-06-22 18:47:44"
1421,21,61,view,NULL,11,"2025-06-22 18:53:44"
1422,88,19,view,NULL,86,"2025-07-06 19:07:44"
1423,88,51,view,NULL,57,"2025-07-06 19:01:44"
1424,24,16,view,NULL,78,"2025-11-26 07:48:44"
1425,20,33,view,NULL,117,"2025-10-14 19:47:44"
1426,105,6,view,NULL,42,"2025-08-06 06:56:44"
1427,105,62,view,NULL,116,"2025-08-06 06:33:44"
1428,163,37,view,NULL,64,"2025-07-02 18:24:44"
1429,29,16,view,NULL,31,"2025-10-16 08:11:44"
1430,130,5,view,NULL,68,"2025-10-05 21:34:44"
1431,24,12,view,NULL,27,"2025-09-30 21:36:44"
1432,17,1,view,NULL,46,"2025-07-21 19:14:44"
1433,17,62,view,NULL,16,"2025-07-21 19:08:44"
1434,107,23,view,NULL,66,"2025-08-26 23:53:44"
1435,107,60,view,NULL,60,"2025-08-26 23:45:44"
1436,28,46,view,NULL,21,"2025-08-18 00:59:44"
1437,102,1,view,NULL,80,"2025-06-09 03:39:44"
1438,102,51,view,NULL,114,"2025-06-09 03:40:44"
1439,90,28,view,NULL,92,"2025-06-11 06:31:44"
1440,91,2,view,NULL,59,"2025-06-13 20:40:44"
1441,43,19,view,NULL,94,"2025-07-07 23:11:44"
1442,139,38,view,NULL,64,"2025-06-20 00:54:44"
1443,23,12,view,NULL,23,"2025-07-30 23:49:44"
1444,23,63,view,NULL,105,"2025-07-31 00:07:44"
1445,168,10,view,NULL,20,"2025-06-21 06:22:44"
1446,89,4,view,NULL,67,"2025-07-29 01:32:44"
1447,146,29,view,NULL,119,"2025-11-13 02:47:44"
1448,43,4,view,NULL,93,"2025-11-25 01:19:44"
1449,43,62,view,NULL,49,"2025-11-25 01:02:44"
1450,119,3,view,NULL,61,"2025-07-30 06:42:44"
1451,119,53,view,NULL,33,"2025-07-30 06:39:44"
1452,85,15,view,NULL,102,"2025-08-15 05:18:44"
1453,85,63,view,NULL,13,"2025-08-15 05:41:44"
1454,70,7,view,NULL,72,"2025-08-06 00:21:44"
1455,70,61,view,NULL,44,"2025-08-06 00:46:44"
1456,57,24,view,NULL,62,"2025-09-10 01:37:44"
1457,57,49,view,NULL,20,"2025-09-10 01:27:44"
1458,33,17,view,NULL,108,"2025-11-26 20:33:44"
1459,130,17,view,NULL,103,"2025-06-07 06:32:44"
1460,130,61,view,NULL,78,"2025-06-07 06:32:44"
1461,36,16,view,NULL,102,"2025-09-27 20:54:44"
1462,94,16,view,NULL,87,"2025-10-20 07:24:44"
1463,29,42,view,NULL,51,"2025-10-30 07:56:44"
1464,35,41,view,NULL,54,"2025-11-13 23:48:44"
1465,136,2,view,NULL,20,"2025-08-26 03:47:44"
1466,136,59,view,NULL,116,"2025-08-26 03:31:44"
1467,36,40,view,NULL,100,"2025-11-22 05:30:44"
1468,36,58,view,NULL,103,"2025-11-22 05:37:44"
1469,168,22,view,NULL,111,"2025-11-21 22:54:44"
1470,138,33,view,NULL,29,"2025-09-12 04:58:44"
1471,145,12,view,NULL,72,"2025-11-17 21:59:44"
1472,52,9,view,NULL,11,"2025-08-19 00:05:44"
1473,23,22,view,NULL,85,"2025-10-17 04:34:44"
1474,32,46,view,NULL,56,"2025-09-04 03:50:44"
1475,145,6,view,NULL,74,"2025-08-29 18:10:44"
1476,37,25,view,NULL,18,"2025-10-13 02:00:44"
1477,76,24,view,NULL,52,"2025-10-30 04:03:44"
1478,11,43,view,NULL,84,"2025-10-09 06:30:44"
1479,161,17,view,NULL,13,"2025-09-23 00:54:44"
1480,122,36,view,NULL,99,"2025-10-05 23:17:44"
1481,152,31,view,NULL,93,"2025-10-13 19:04:44"
1482,77,22,view,NULL,14,"2025-11-03 07:02:44"
1483,42,25,view,NULL,86,"2025-06-07 18:20:44"
1484,150,42,view,NULL,118,"2025-06-09 03:47:44"
1485,105,18,view,NULL,101,"2025-07-15 00:14:44"
1486,24,11,view,NULL,54,"2025-07-30 04:40:44"
1487,24,61,view,NULL,104,"2025-07-30 04:48:44"
1488,24,45,view,NULL,92,"2025-07-30 04:34:44"
1489,169,33,view,NULL,112,"2025-11-04 03:30:44"
1490,105,46,view,NULL,76,"2025-06-26 22:40:44"
1491,105,50,view,NULL,101,"2025-06-26 22:45:44"
1492,145,30,view,NULL,27,"2025-07-09 05:21:44"
1493,145,58,view,NULL,37,"2025-07-09 05:10:44"
1494,143,45,view,NULL,90,"2025-07-27 18:43:44"
1495,47,22,view,NULL,64,"2025-10-23 04:11:44"
1496,130,7,view,NULL,25,"2025-09-06 22:40:44"
1497,130,52,view,NULL,21,"2025-09-06 22:53:44"
1498,133,8,view,NULL,89,"2025-10-15 08:05:44"
1499,113,23,view,NULL,45,"2025-09-04 23:29:44"
1500,113,60,view,NULL,113,"2025-09-04 23:26:44"
1501,16,27,view,NULL,73,"2025-06-17 04:42:44"
1502,146,22,view,NULL,49,"2025-07-19 01:42:44"
1503,169,29,view,NULL,83,"2025-08-18 02:36:44"
1504,156,46,view,NULL,105,"2025-08-14 07:47:44"
1505,156,16,view,NULL,68,"2025-08-14 07:52:44"
1506,11,16,view,NULL,26,"2025-06-26 00:11:44"
1507,53,11,view,NULL,99,"2025-10-17 02:59:44"
1508,25,1,view,NULL,79,"2025-07-31 02:33:44"
1509,20,11,view,NULL,115,"2025-11-20 08:17:44"
1510,20,60,view,NULL,40,"2025-11-20 08:19:44"
1511,108,21,view,NULL,11,"2025-06-22 07:42:44"
1512,59,45,view,NULL,98,"2025-08-27 03:01:44"
1513,24,24,view,NULL,117,"2025-12-01 23:50:44"
